timestamp,plant_id,unit_id,electricity_kwh,gas_m3,steam_kg,total_energy_kwh,efficiency_ratio,co2_tonnes,potential_savings_kwh
2024-01-01 00:00,Plant-B,Blast-Furnace-1,1356.5,446.7,235.6,2038.8,0.607,0.85,132.7
2024-01-01 04:00,Plant-B,Blast-Furnace-2,1717.6,764.4,618.9,3100.9,0.881,1.34,56.7
2024-01-01 08:00,Plant-A,BOF-Converter,1869.3,937.5,493.9,3300.7,0.695,1.39,110.4
2024-01-01 12:00,Plant-B,Blast-Furnace-1,1241.6,744.4,340.9,2326.9,0.754,0.95,88.4
2024-01-01 16:00,Plant-A,Rolling-Mill,657.2,751.3,379.3,1787.8,0.715,0.74,47.3
2024-01-01 20:00,Plant-A,Blast-Furnace-2,638.0,545.1,380.5,1563.6,0.774,0.74,58.9
2024-01-02 00:00,Plant-D,Sinter-Plant,1183.2,688.8,603.6,2475.6,0.8,1.0,33.6
2024-01-02 04:00,Plant-A,Blast-Furnace-2,1772.6,723.9,375.0,2871.5,0.649,1.28,195.9
2024-01-02 08:00,Plant-B,BOF-Converter,1753.9,626.6,529.5,2910.0,0.713,1.33,130.2
2024-01-02 12:00,Plant-C,Coke-Oven,1281.5,478.9,332.3,2092.7,0.629,0.93,125.8
2024-01-02 16:00,Plant-C,Rolling-Mill,583.3,735.0,334.3,1652.6,0.811,0.68,45.6
2024-01-02 20:00,Plant-C,Coke-Oven,693.0,553.7,459.9,1706.6,0.609,0.76,125.5
2024-01-03 00:00,Plant-B,Blast-Furnace-1,1197.6,929.5,486.0,2613.1,0.89,1.11,41.1
2024-01-03 04:00,Plant-B,Blast-Furnace-1,1723.2,584.1,506.2,2813.5,0.888,1.11,15.9
2024-01-03 08:00,Plant-D,Sinter-Plant,1747.1,773.5,401.2,2921.8,0.641,1.23,94.5
2024-01-03 12:00,Plant-C,Rolling-Mill,1265.9,698.3,211.8,2176.0,0.869,0.92,36.1
2024-01-03 16:00,Plant-D,Rolling-Mill,827.2,554.8,393.1,1775.1,0.882,0.73,27.4
2024-01-03 20:00,Plant-C,Blast-Furnace-2,655.0,607.7,279.1,1541.8,0.662,0.7,52.5
2024-01-04 00:00,Plant-C,Rolling-Mill,1242.0,767.4,256.5,2265.9,0.767,0.92,57.1
2024-01-04 04:00,Plant-D,Blast-Furnace-2,1785.4,945.0,358.9,3089.3,0.619,1.23,89.6
2024-01-04 08:00,Plant-B,Coke-Oven,1963.6,580.1,233.2,2776.9,0.697,1.21,109.9
2024-01-04 12:00,Plant-D,Coke-Oven,1314.8,503.1,205.9,2023.8,0.875,0.89,24.3
2024-01-04 16:00,Plant-A,Sinter-Plant,618.7,519.7,503.2,1641.6,0.703,0.72,30.9
2024-01-04 20:00,Plant-C,Blast-Furnace-2,778.0,591.3,608.0,1977.3,0.801,0.81,38.1
2024-01-05 00:00,Plant-B,Blast-Furnace-2,1224.3,553.5,308.5,2086.3,0.638,0.87,63.0
2024-01-05 04:00,Plant-A,Coke-Oven,1703.5,440.0,501.8,2645.3,0.861,1.18,33.3
2024-01-05 08:00,Plant-B,Rolling-Mill,1764.5,673.5,330.6,2768.6,0.785,1.12,110.8
2024-01-05 12:00,Plant-C,Rolling-Mill,1241.2,728.1,240.2,2209.5,0.76,1.03,57.1
2024-01-05 16:00,Plant-B,Sinter-Plant,767.1,546.0,563.0,1876.1,0.899,0.76,15.7
2024-01-05 20:00,Plant-B,Sinter-Plant,615.9,654.4,458.4,1728.7,0.809,0.75,32.8
2024-01-06 00:00,Plant-A,Blast-Furnace-1,1293.5,900.4,469.3,2663.2,0.654,1.04,117.0
2024-01-06 04:00,Plant-C,Coke-Oven,1676.6,557.6,281.4,2515.6,0.654,1.12,152.0
2024-01-06 08:00,Plant-B,Sinter-Plant,1677.1,693.9,590.7,2961.7,0.739,1.18,51.2
2024-01-06 12:00,Plant-C,BOF-Converter,1194.4,876.1,398.6,2469.1,0.778,0.97,77.0
2024-01-06 16:00,Plant-D,Blast-Furnace-1,696.0,455.4,391.1,1542.5,0.919,0.61,24.2
2024-01-06 20:00,Plant-C,Blast-Furnace-2,810.8,609.8,216.7,1637.3,0.63,0.68,42.8
2024-01-07 00:00,Plant-C,Blast-Furnace-1,1126.0,808.8,370.7,2305.5,0.706,0.91,101.4
2024-01-07 04:00,Plant-A,Rolling-Mill,1656.4,628.6,300.8,2585.8,0.906,1.2,21.4
2024-01-07 08:00,Plant-B,Coke-Oven,1622.6,895.6,327.3,2845.5,0.744,1.18,57.2
2024-01-07 12:00,Plant-A,Rolling-Mill,1124.7,731.0,420.4,2276.1,0.83,0.95,53.0
2024-01-07 16:00,Plant-A,Rolling-Mill,708.4,857.3,533.1,2098.8,0.63,0.99,62.3
2024-01-07 20:00,Plant-B,Blast-Furnace-2,779.6,610.3,494.7,1884.6,0.66,0.88,108.4
2024-01-08 00:00,Plant-A,Blast-Furnace-2,1287.8,498.6,283.5,2069.9,0.671,0.87,47.1
2024-01-08 04:00,Plant-B,Coke-Oven,1725.1,806.2,546.7,3078.0,0.879,1.41,61.1
2024-01-08 08:00,Plant-A,BOF-Converter,1780.5,554.7,541.5,2876.7,0.614,1.14,63.5
2024-01-08 12:00,Plant-B,Sinter-Plant,1258.9,451.7,520.9,2231.5,0.655,0.94,70.0
2024-01-08 16:00,Plant-B,Sinter-Plant,821.6,732.4,218.7,1772.7,0.644,0.81,79.2
2024-01-08 20:00,Plant-C,Blast-Furnace-1,634.4,758.5,297.6,1690.5,0.706,0.69,56.9
2024-01-09 00:00,Plant-B,Rolling-Mill,1220.3,904.5,556.0,2680.8,0.916,1.22,21.2
2024-01-09 04:00,Plant-B,BOF-Converter,1681.1,775.2,570.9,3027.2,0.886,1.31,47.2
2024-01-09 08:00,Plant-A,BOF-Converter,1681.3,636.9,592.8,2911.0,0.743,1.32,86.2
2024-01-09 12:00,Plant-A,Blast-Furnace-2,1221.5,847.4,531.7,2600.6,0.897,1.07,30.7
2024-01-09 16:00,Plant-C,Blast-Furnace-2,718.8,441.9,608.4,1769.1,0.71,0.83,44.7
2024-01-09 20:00,Plant-A,Coke-Oven,560.3,430.4,551.9,1542.6,0.623,0.67,38.0
2024-01-10 00:00,Plant-C,Blast-Furnace-1,1268.2,840.9,418.8,2527.9,0.647,1.01,69.1
2024-01-10 04:00,Plant-C,Coke-Oven,1768.8,644.4,249.2,2662.4,0.704,1.06,111.0
2024-01-10 08:00,Plant-C,Sinter-Plant,1816.2,580.2,232.3,2628.7,0.842,1.04,71.6
2024-01-10 12:00,Plant-C,BOF-Converter,1180.2,643.0,212.0,2035.2,0.794,0.81,29.4
2024-01-10 16:00,Plant-B,Sinter-Plant,616.5,725.1,468.6,1810.2,0.847,0.77,26.7
2024-01-10 20:00,Plant-D,BOF-Converter,573.9,694.6,437.3,1705.8,0.637,0.73,82.6
2024-01-11 00:00,Plant-A,Blast-Furnace-2,1156.7,566.5,205.0,1928.2,0.7,0.86,100.0
2024-01-11 04:00,Plant-C,Sinter-Plant,1791.5,688.0,446.1,2925.6,0.828,1.25,32.5
2024-01-11 08:00,Plant-C,BOF-Converter,1929.5,688.0,416.9,3034.4,0.635,1.18,154.7
2024-01-11 12:00,Plant-D,Rolling-Mill,1124.1,493.1,371.4,1988.6,0.869,0.93,33.1
2024-01-11 16:00,Plant-A,BOF-Converter,550.7,467.9,250.9,1269.5,0.808,0.56,44.0
2024-01-11 20:00,Plant-D,Blast-Furnace-1,819.4,696.5,337.4,1853.3,0.722,0.78,31.5
2024-01-12 00:00,Plant-A,Rolling-Mill,1152.5,611.2,217.0,1980.7,0.766,0.81,59.8
2024-01-12 04:00,Plant-D,Rolling-Mill,1726.7,831.5,304.1,2862.3,0.907,1.19,38.4
2024-01-12 08:00,Plant-C,Coke-Oven,1840.2,821.3,412.4,3073.9,0.836,1.2,63.2
2024-01-12 12:00,Plant-A,Blast-Furnace-2,1276.9,765.6,614.2,2656.7,0.903,1.17,36.2
2024-01-12 16:00,Plant-C,Sinter-Plant,808.4,541.6,216.4,1566.4,0.771,0.71,56.0
2024-01-12 20:00,Plant-A,Coke-Oven,575.8,577.6,342.4,1495.8,0.911,0.67,11.3
2024-01-13 00:00,Plant-B,BOF-Converter,1173.5,616.2,319.3,2109.0,0.788,0.95,50.1
2024-01-13 04:00,Plant-B,Rolling-Mill,1821.1,642.4,294.5,2758.0,0.883,1.15,31.0
2024-01-13 08:00,Plant-D,Blast-Furnace-1,1691.9,858.4,458.0,3008.3,0.852,1.18,69.2
2024-01-13 12:00,Plant-D,Rolling-Mill,1318.6,744.0,272.7,2335.3,0.658,0.94,113.4
2024-01-13 16:00,Plant-B,Rolling-Mill,599.3,533.8,324.9,1458.0,0.841,0.69,22.9
2024-01-13 20:00,Plant-D,Rolling-Mill,735.6,528.7,309.1,1573.4,0.768,0.63,53.5
2024-01-14 00:00,Plant-D,Blast-Furnace-2,1138.3,591.1,406.5,2135.9,0.708,0.88,82.2
2024-01-14 04:00,Plant-A,Rolling-Mill,1689.7,665.6,273.5,2628.8,0.919,1.08,37.9
2024-01-14 08:00,Plant-C,Sinter-Plant,1686.2,485.4,426.1,2597.7,0.638,1.08,99.0
2024-01-14 12:00,Plant-A,Blast-Furnace-1,1231.0,639.7,592.7,2463.4,0.752,1.01,74.0
2024-01-14 16:00,Plant-D,BOF-Converter,630.8,639.6,302.6,1573.0,0.709,0.7,44.7
2024-01-14 20:00,Plant-D,BOF-Converter,740.6,735.9,422.7,1899.2,0.659,0.8,116.1
2024-01-15 00:00,Plant-D,Coke-Oven,1292.0,414.8,356.6,2063.4,0.626,0.84,39.0
2024-01-15 04:00,Plant-C,Blast-Furnace-1,1719.1,490.4,221.5,2431.0,0.603,1.1,179.0
2024-01-15 08:00,Plant-B,Blast-Furnace-2,1586.3,443.3,287.5,2317.1,0.603,1.07,112.3
2024-01-15 12:00,Plant-A,Rolling-Mill,1180.0,403.8,373.1,1956.9,0.756,0.9,60.0
2024-01-15 16:00,Plant-D,Rolling-Mill,651.0,891.4,211.5,1753.9,0.692,0.71,46.6
2024-01-15 20:00,Plant-D,Rolling-Mill,636.4,832.3,363.3,1832.0,0.863,0.81,34.7
2024-01-16 00:00,Plant-A,Sinter-Plant,1186.3,566.7,233.5,1986.5,0.813,0.83,63.2
2024-01-16 04:00,Plant-C,Blast-Furnace-2,1591.7,530.9,528.7,2651.3,0.856,1.13,42.9
2024-01-16 08:00,Plant-B,BOF-Converter,1641.1,880.6,616.2,3137.9,0.878,1.47,57.5
2024-01-16 12:00,Plant-B,BOF-Converter,1202.9,700.1,420.9,2323.9,0.918,1.06,19.2
2024-01-16 16:00,Plant-B,Rolling-Mill,703.6,643.6,568.4,1915.6,0.63,0.86,57.4
2024-01-16 20:00,Plant-B,Coke-Oven,644.4,464.0,556.4,1664.8,0.74,0.66,84.8
2024-01-17 00:00,Plant-B,Blast-Furnace-2,1231.3,531.2,609.0,2371.5,0.798,0.95,54.4
2024-01-17 04:00,Plant-C,Blast-Furnace-1,1756.5,430.9,435.2,2622.6,0.784,1.17,84.9
2024-01-17 08:00,Plant-C,Blast-Furnace-2,1751.5,454.8,554.9,2761.2,0.812,1.18,95.6
2024-01-17 12:00,Plant-B,BOF-Converter,1015.8,557.8,407.6,1981.2,0.673,0.84,47.5
2024-01-17 16:00,Plant-A,BOF-Converter,712.9,811.4,353.6,1877.9,0.816,0.74,59.5
2024-01-17 20:00,Plant-B,Sinter-Plant,650.0,428.9,273.6,1352.5,0.62,0.64,87.0
2024-01-18 00:00,Plant-D,Sinter-Plant,1342.5,501.4,510.8,2354.7,0.751,0.93,84.8
2024-01-18 04:00,Plant-C,BOF-Converter,1751.9,844.5,346.1,2942.5,0.896,1.21,30.8
2024-01-18 08:00,Plant-D,Blast-Furnace-2,1674.1,837.9,397.2,2909.2,0.679,1.26,173.2
2024-01-18 12:00,Plant-C,Rolling-Mill,1201.4,680.6,582.0,2464.0,0.773,1.02,102.0
2024-01-18 16:00,Plant-B,BOF-Converter,598.0,839.6,578.7,2016.3,0.608,0.82,61.3
2024-01-18 20:00,Plant-A,Sinter-Plant,711.8,516.3,288.2,1516.3,0.661,0.67,99.5
2024-01-19 00:00,Plant-D,Rolling-Mill,1365.8,624.4,352.1,2342.3,0.866,0.94,21.7
2024-01-19 04:00,Plant-D,Blast-Furnace-2,1661.6,531.6,204.1,2397.3,0.627,0.95,129.2
2024-01-19 08:00,Plant-C,Rolling-Mill,1749.6,413.4,535.8,2698.8,0.895,1.06,17.7
2024-01-19 12:00,Plant-D,Rolling-Mill,1153.7,612.0,365.1,2130.8,0.883,0.95,22.4
2024-01-19 16:00,Plant-A,Blast-Furnace-2,701.7,747.7,401.6,1851.0,0.639,0.77,90.1
2024-01-19 20:00,Plant-C,BOF-Converter,666.4,805.5,323.1,1795.0,0.883,0.71,27.3
2024-01-20 00:00,Plant-C,Sinter-Plant,1233.1,540.5,465.5,2239.1,0.74,0.97,97.4
2024-01-20 04:00,Plant-B,Blast-Furnace-2,1751.3,781.4,325.7,2858.4,0.686,1.3,56.2
2024-01-20 08:00,Plant-C,Blast-Furnace-1,1526.5,662.0,440.5,2629.0,0.784,1.22,51.9
2024-01-20 12:00,Plant-B,Blast-Furnace-2,1048.2,405.4,570.7,2024.3,0.758,0.95,29.0
2024-01-20 16:00,Plant-B,Sinter-Plant,690.9,595.4,581.1,1867.4,0.89,0.83,10.3
2024-01-20 20:00,Plant-C,Coke-Oven,606.1,631.4,246.6,1484.1,0.857,0.66,35.2
2024-01-21 00:00,Plant-D,BOF-Converter,1270.6,865.2,468.3,2604.1,0.688,1.19,125.2
2024-01-21 04:00,Plant-D,Coke-Oven,1762.5,760.0,455.2,2977.7,0.764,1.2,111.1
2024-01-21 08:00,Plant-D,Rolling-Mill,1746.4,726.2,234.0,2706.6,0.745,1.14,106.4
2024-01-21 12:00,Plant-C,Sinter-Plant,1235.8,617.7,461.9,2315.4,0.912,1.01,16.2
2024-01-21 16:00,Plant-B,Sinter-Plant,670.5,932.3,478.8,2081.6,0.754,0.94,59.6
2024-01-21 20:00,Plant-C,Coke-Oven,530.8,882.2,337.0,1750.0,0.825,0.79,43.9
2024-01-22 00:00,Plant-C,BOF-Converter,1168.3,731.5,561.1,2460.9,0.662,1.1,115.8
2024-01-22 04:00,Plant-B,Coke-Oven,1723.2,696.1,238.7,2658.0,0.787,1.06,78.8
2024-01-22 08:00,Plant-B,Blast-Furnace-1,1752.1,764.1,545.4,3061.6,0.847,1.39,59.9
2024-01-22 12:00,Plant-C,Rolling-Mill,1128.9,598.3,412.3,2139.5,0.679,0.91,61.6
2024-01-22 16:00,Plant-C,Coke-Oven,777.0,667.6,333.6,1778.2,0.613,0.7,65.8
2024-01-22 20:00,Plant-B,Coke-Oven,654.6,433.9,269.3,1357.8,0.749,0.59,37.1
2024-01-23 00:00,Plant-A,Blast-Furnace-2,1173.0,680.7,222.5,2076.2,0.813,0.98,43.3
2024-01-23 04:00,Plant-A,BOF-Converter,1631.9,587.5,591.5,2810.9,0.613,1.25,208.8
2024-01-23 08:00,Plant-C,BOF-Converter,1539.0,488.7,511.3,2539.0,0.63,1.04,154.7
2024-01-23 12:00,Plant-B,Blast-Furnace-2,1260.1,802.3,415.8,2478.2,0.732,0.98,114.4
2024-01-23 16:00,Plant-D,Blast-Furnace-2,768.1,759.7,353.7,1881.5,0.798,0.85,23.8
2024-01-23 20:00,Plant-A,Coke-Oven,648.7,532.4,448.4,1629.5,0.659,0.68,108.5
2024-01-24 00:00,Plant-D,Rolling-Mill,1202.2,808.8,309.9,2320.9,0.897,1.07,13.6
2024-01-24 04:00,Plant-B,BOF-Converter,1921.5,416.2,325.6,2663.3,0.914,1.22,27.9
2024-01-24 08:00,Plant-B,Blast-Furnace-2,1810.0,678.6,376.4,2865.0,0.801,1.18,65.8
2024-01-24 12:00,Plant-B,Blast-Furnace-2,1340.0,578.7,283.3,2202.0,0.644,0.92,136.0
2024-01-24 16:00,Plant-A,BOF-Converter,703.5,428.5,584.6,1716.6,0.757,0.69,57.9
2024-01-24 20:00,Plant-D,Sinter-Plant,758.8,577.2,214.2,1550.2,0.711,0.69,24.4
2024-01-25 00:00,Plant-A,Blast-Furnace-2,1187.0,712.4,418.5,2317.9,0.821,0.98,79.3
2024-01-25 04:00,Plant-A,BOF-Converter,1683.9,617.7,569.8,2871.4,0.615,1.13,121.7
2024-01-25 08:00,Plant-D,Blast-Furnace-2,1830.3,785.3,595.6,3211.2,0.618,1.26,173.4
2024-01-25 12:00,Plant-C,Blast-Furnace-2,1176.8,702.3,394.0,2273.1,0.781,0.9,32.4
2024-01-25 16:00,Plant-A,Sinter-Plant,680.6,418.3,494.8,1593.7,0.738,0.62,58.6
2024-01-25 20:00,Plant-B,Sinter-Plant,637.5,824.8,364.2,1826.5,0.761,0.72,77.8
2024-01-26 00:00,Plant-C,Coke-Oven,1249.5,433.2,407.4,2090.1,0.799,0.92,43.5
2024-01-26 04:00,Plant-A,Sinter-Plant,1724.2,899.2,375.4,2998.8,0.667,1.24,127.5
2024-01-26 08:00,Plant-D,Coke-Oven,1688.2,828.8,506.0,3023.0,0.916,1.26,15.1
2024-01-26 12:00,Plant-A,Rolling-Mill,1197.8,916.1,580.8,2694.7,0.619,1.14,187.0
2024-01-26 16:00,Plant-C,Blast-Furnace-2,575.1,409.6,243.6,1228.3,0.797,0.54,30.1
2024-01-26 20:00,Plant-A,Rolling-Mill,669.3,788.1,225.2,1682.6,0.618,0.69,64.2
2024-01-27 00:00,Plant-D,Coke-Oven,1151.2,746.1,511.2,2408.5,0.662,0.94,111.8
2024-01-27 04:00,Plant-A,Coke-Oven,1626.6,528.8,446.8,2602.2,0.632,1.22,118.0
2024-01-27 08:00,Plant-A,Sinter-Plant,1676.3,578.5,537.2,2792.0,0.735,1.15,62.1
2024-01-27 12:00,Plant-D,Blast-Furnace-1,1129.2,687.6,271.5,2088.3,0.752,0.92,95.7
2024-01-27 16:00,Plant-A,Blast-Furnace-1,764.1,720.6,318.7,1803.4,0.67,0.84,40.4
2024-01-27 20:00,Plant-C,BOF-Converter,619.8,836.8,539.0,1995.6,0.79,0.91,52.0
2024-01-28 00:00,Plant-C,BOF-Converter,1202.4,919.1,515.0,2636.5,0.717,1.24,113.4
2024-01-28 04:00,Plant-A,Rolling-Mill,1689.0,777.4,496.6,2963.0,0.82,1.39,83.6
2024-01-28 08:00,Plant-A,BOF-Converter,1643.6,720.2,455.5,2819.3,0.748,1.28,65.9
2024-01-28 12:00,Plant-A,Rolling-Mill,1139.6,678.9,521.2,2339.7,0.829,1.0,36.0
2024-01-28 16:00,Plant-B,BOF-Converter,563.5,605.6,528.8,1697.9,0.691,0.7,66.4
2024-01-28 20:00,Plant-C,BOF-Converter,779.4,929.7,475.8,2184.9,0.862,0.88,53.9
2024-01-29 00:00,Plant-A,BOF-Converter,1327.9,477.6,280.1,2085.6,0.81,0.87,34.1
2024-01-29 04:00,Plant-C,BOF-Converter,1639.2,499.6,580.7,2719.5,0.624,1.06,115.6
2024-01-29 08:00,Plant-C,Coke-Oven,1727.2,887.4,572.9,3187.5,0.717,1.37,170.5
2024-01-29 12:00,Plant-B,Coke-Oven,1151.4,708.1,293.2,2152.7,0.708,0.9,95.5
2024-01-29 16:00,Plant-A,Blast-Furnace-2,678.5,861.2,441.6,1981.3,0.726,0.77,40.0
2024-01-29 20:00,Plant-B,Sinter-Plant,795.0,881.3,300.6,1976.9,0.65,0.86,75.6
2024-01-30 00:00,Plant-C,Sinter-Plant,1173.4,419.8,563.5,2156.7,0.604,0.93,155.2
2024-01-30 04:00,Plant-D,Coke-Oven,1646.5,511.2,511.1,2668.8,0.616,1.19,186.4
2024-01-30 08:00,Plant-A,Coke-Oven,1895.8,826.7,558.8,3281.3,0.897,1.34,46.8
2024-01-30 12:00,Plant-D,Blast-Furnace-1,1215.6,792.4,447.2,2455.2,0.614,0.95,130.0
2024-01-30 16:00,Plant-A,Coke-Oven,620.3,817.0,516.4,1953.7,0.765,0.81,58.3
2024-01-30 20:00,Plant-B,Rolling-Mill,556.5,699.1,499.8,1755.4,0.643,0.75,33.1
2024-01-31 00:00,Plant-D,Blast-Furnace-1,1288.7,540.9,502.8,2332.4,0.774,1.1,83.5
2024-01-31 04:00,Plant-B,Coke-Oven,1606.3,513.5,320.6,2440.4,0.687,1.06,116.1
2024-01-31 08:00,Plant-C,BOF-Converter,1682.5,908.4,542.2,3133.1,0.88,1.39,60.1
2024-01-31 12:00,Plant-B,Coke-Oven,1041.9,665.1,221.9,1928.9,0.739,0.84,34.0
2024-01-31 16:00,Plant-C,Coke-Oven,575.2,725.3,267.9,1568.4,0.807,0.74,21.6
2024-01-31 20:00,Plant-B,Blast-Furnace-2,648.6,792.7,306.5,1747.8,0.918,0.76,27.5
2024-02-01 00:00,Plant-A,Coke-Oven,1381.7,914.8,288.0,2584.5,0.722,1.06,65.8
2024-02-01 04:00,Plant-C,Blast-Furnace-1,1746.9,654.3,209.6,2610.8,0.738,1.04,68.5
2024-02-01 08:00,Plant-B,Coke-Oven,1641.3,560.5,237.6,2439.4,0.829,0.96,21.5
2024-02-01 12:00,Plant-B,Sinter-Plant,1152.4,848.0,356.2,2356.6,0.856,1.08,39.3
2024-02-01 16:00,Plant-B,Blast-Furnace-2,734.1,819.2,383.1,1936.4,0.637,0.82,77.4
2024-02-01 20:00,Plant-C,Blast-Furnace-2,728.5,737.1,488.6,1954.2,0.89,0.86,33.5
2024-02-02 00:00,Plant-B,BOF-Converter,1087.1,479.3,470.1,2036.5,0.895,0.93,23.0
2024-02-02 04:00,Plant-B,BOF-Converter,1736.8,666.9,341.2,2744.9,0.613,1.16,205.1
2024-02-02 08:00,Plant-A,Rolling-Mill,1810.9,846.7,352.0,3009.6,0.617,1.24,164.9
2024-02-02 12:00,Plant-B,BOF-Converter,1234.1,540.8,457.6,2232.5,0.918,0.88,36.4
2024-02-02 16:00,Plant-D,Coke-Oven,619.9,519.8,402.4,1542.1,0.72,0.73,59.5
2024-02-02 20:00,Plant-C,Coke-Oven,692.5,531.9,369.0,1593.4,0.682,0.63,73.2
2024-02-03 00:00,Plant-B,BOF-Converter,1299.7,433.3,456.4,2189.4,0.772,1.03,41.8
2024-02-03 04:00,Plant-D,Coke-Oven,1650.3,409.8,430.7,2490.8,0.66,1.02,108.7
2024-02-03 08:00,Plant-C,Blast-Furnace-2,1850.3,714.1,383.3,2947.7,0.647,1.38,181.3
2024-02-03 12:00,Plant-A,Coke-Oven,1082.7,445.5,338.8,1867.0,0.913,0.88,24.4
2024-02-03 16:00,Plant-B,Blast-Furnace-2,877.1,706.7,484.4,2068.2,0.601,0.85,152.9
2024-02-03 20:00,Plant-D,Coke-Oven,684.2,897.2,500.7,2082.1,0.671,0.95,93.9
2024-02-04 00:00,Plant-B,Coke-Oven,1308.1,603.7,236.2,2148.0,0.863,0.88,51.5
2024-02-04 04:00,Plant-D,Blast-Furnace-2,1755.6,511.2,278.9,2545.7,0.871,1.2,16.9
2024-02-04 08:00,Plant-A,Sinter-Plant,1714.5,787.0,225.7,2727.2,0.746,1.16,116.1
2024-02-04 12:00,Plant-C,Blast-Furnace-2,1145.3,712.7,399.2,2257.2,0.82,1.0,21.1
2024-02-04 16:00,Plant-B,Sinter-Plant,703.9,625.5,387.4,1716.8,0.862,0.78,46.2
2024-02-04 20:00,Plant-C,BOF-Converter,778.1,612.4,567.7,1958.2,0.794,0.87,79.6
2024-02-05 00:00,Plant-D,Blast-Furnace-1,1159.4,798.1,358.0,2315.5,0.901,1.01,15.2
2024-02-05 04:00,Plant-D,Coke-Oven,1726.9,703.3,542.5,2972.7,0.825,1.16,92.2
2024-02-05 08:00,Plant-C,Sinter-Plant,1666.2,517.8,296.7,2480.7,0.697,0.98,40.9
2024-02-05 12:00,Plant-A,Coke-Oven,1202.5,556.1,456.2,2214.8,0.681,0.99,98.8
2024-02-05 16:00,Plant-B,Rolling-Mill,673.6,790.8,295.1,1759.5,0.62,0.82,93.9
2024-02-05 20:00,Plant-A,Sinter-Plant,655.1,718.2,266.1,1639.4,0.9,0.74,30.0
2024-02-06 00:00,Plant-C,BOF-Converter,1293.1,454.4,575.5,2323.0,0.676,1.05,109.1
2024-02-06 04:00,Plant-B,Coke-Oven,1688.5,521.2,221.6,2431.3,0.615,1.14,149.0
2024-02-06 08:00,Plant-D,Sinter-Plant,1726.3,937.1,587.5,3250.9,0.747,1.51,55.9
2024-02-06 12:00,Plant-C,Coke-Oven,1317.4,674.8,293.2,2285.4,0.773,0.95,34.1
2024-02-06 16:00,Plant-D,Coke-Oven,506.2,778.5,365.6,1650.3,0.805,0.72,57.8
2024-02-06 20:00,Plant-B,BOF-Converter,674.0,546.4,453.6,1674.0,0.696,0.69,50.2
2024-02-07 00:00,Plant-A,Sinter-Plant,1131.4,871.1,557.3,2559.8,0.857,1.16,25.4
2024-02-07 04:00,Plant-C,Rolling-Mill,1681.2,699.3,358.1,2738.6,0.708,1.19,80.9
2024-02-07 08:00,Plant-B,Blast-Furnace-1,1715.5,895.8,530.2,3141.5,0.855,1.31,76.0
2024-02-07 12:00,Plant-C,Blast-Furnace-1,1206.1,647.7,213.3,2067.1,0.663,0.85,44.4
2024-02-07 16:00,Plant-A,BOF-Converter,656.2,635.8,410.9,1702.9,0.806,0.73,64.1
2024-02-07 20:00,Plant-C,Blast-Furnace-1,634.5,450.3,609.7,1694.5,0.776,0.7,36.4
2024-02-08 00:00,Plant-A,BOF-Converter,1191.1,934.8,542.3,2668.2,0.88,1.07,40.4
2024-02-08 04:00,Plant-B,Rolling-Mill,1844.1,732.6,508.4,3085.1,0.625,1.35,167.1
2024-02-08 08:00,Plant-A,Sinter-Plant,1591.5,623.7,566.7,2781.9,0.714,1.15,41.8
2024-02-08 12:00,Plant-B,Coke-Oven,1077.6,410.6,584.0,2072.2,0.883,0.92,28.3
2024-02-08 16:00,Plant-C,Blast-Furnace-2,637.6,679.7,338.1,1655.4,0.764,0.77,22.7
2024-02-08 20:00,Plant-A,BOF-Converter,580.9,409.4,427.9,1418.2,0.792,0.62,48.0
2024-02-09 00:00,Plant-B,BOF-Converter,1118.4,449.3,308.1,1875.8,0.776,0.81,56.0
2024-02-09 04:00,Plant-B,Coke-Oven,1638.5,685.1,516.3,2839.9,0.826,1.15,76.2
2024-02-09 08:00,Plant-C,Blast-Furnace-2,1674.7,768.8,333.7,2777.2,0.685,1.19,70.4
2024-02-09 12:00,Plant-A,Blast-Furnace-1,1238.0,900.0,335.4,2473.4,0.664,0.97,163.1
2024-02-09 16:00,Plant-D,Sinter-Plant,708.8,525.5,391.5,1625.8,0.803,0.64,43.9
2024-02-09 20:00,Plant-D,Blast-Furnace-1,627.5,787.8,441.2,1856.5,0.711,0.78,30.4
2024-02-10 00:00,Plant-C,Blast-Furnace-1,1268.3,850.7,563.5,2682.5,0.842,1.16,73.8
2024-02-10 04:00,Plant-B,Rolling-Mill,1757.5,856.2,562.1,3175.8,0.907,1.36,41.2
2024-02-10 08:00,Plant-D,Sinter-Plant,1754.3,766.1,572.2,3092.6,0.794,1.42,90.8
2024-02-10 12:00,Plant-A,Blast-Furnace-1,1124.1,735.3,339.6,2199.0,0.614,0.88,133.3
2024-02-10 16:00,Plant-B,Rolling-Mill,602.8,421.1,312.1,1336.0,0.78,0.57,53.8
2024-02-10 20:00,Plant-A,Blast-Furnace-1,710.2,597.0,425.1,1732.3,0.788,0.68,53.5
2024-02-11 00:00,Plant-B,Rolling-Mill,1107.2,499.6,494.7,2101.5,0.892,0.92,33.3
2024-02-11 04:00,Plant-C,BOF-Converter,1761.8,663.7,450.7,2876.2,0.825,1.36,26.1
2024-02-11 08:00,Plant-D,Rolling-Mill,1597.9,481.7,416.8,2496.4,0.724,1.08,119.1
2024-02-11 12:00,Plant-A,Blast-Furnace-1,1160.1,655.7,537.1,2352.9,0.681,1.07,84.5
2024-02-11 16:00,Plant-C,Sinter-Plant,677.7,748.0,422.1,1847.8,0.743,0.74,87.9
2024-02-11 20:00,Plant-A,BOF-Converter,625.2,916.5,605.5,2147.2,0.665,1.0,77.4
2024-02-12 00:00,Plant-A,Blast-Furnace-1,1183.3,805.4,300.0,2288.7,0.625,1.07,103.0
2024-02-12 04:00,Plant-D,Sinter-Plant,1623.5,570.8,398.7,2593.0,0.618,1.14,127.0
2024-02-12 08:00,Plant-A,Coke-Oven,1689.4,423.1,314.0,2426.5,0.726,1.15,75.1
2024-02-12 12:00,Plant-B,Rolling-Mill,1071.7,879.3,520.2,2471.2,0.856,1.09,59.0
2024-02-12 16:00,Plant-A,BOF-Converter,680.2,808.8,515.0,2004.0,0.69,0.94,111.7
2024-02-12 20:00,Plant-B,Rolling-Mill,865.5,507.9,435.0,1808.4,0.741,0.79,88.1
2024-02-13 00:00,Plant-B,Rolling-Mill,1102.2,839.0,389.7,2330.9,0.839,0.97,41.2
2024-02-13 04:00,Plant-C,Sinter-Plant,1702.7,744.2,269.9,2716.8,0.918,1.09,37.0
2024-02-13 08:00,Plant-B,Blast-Furnace-2,1777.7,680.0,281.4,2739.1,0.904,1.11,39.4
2024-02-13 12:00,Plant-C,Rolling-Mill,1112.7,584.5,462.5,2159.7,0.804,0.85,43.7
2024-02-13 16:00,Plant-D,BOF-Converter,724.5,469.5,585.4,1779.4,0.899,0.82,25.7
2024-02-13 20:00,Plant-D,Rolling-Mill,709.6,416.7,422.5,1548.8,0.738,0.7,47.5
2024-02-14 00:00,Plant-C,Sinter-Plant,1126.8,559.5,334.8,2021.1,0.786,0.84,59.9
2024-02-14 04:00,Plant-A,Blast-Furnace-1,1506.1,581.9,488.4,2576.4,0.752,1.16,70.8
2024-02-14 08:00,Plant-B,Coke-Oven,1659.2,511.6,488.8,2659.6,0.851,1.14,62.0
2024-02-14 12:00,Plant-B,Blast-Furnace-1,1158.2,435.9,377.9,1972.0,0.615,0.91,139.4
2024-02-14 16:00,Plant-B,Blast-Furnace-1,718.5,502.6,613.0,1834.1,0.7,0.74,54.5
2024-02-14 20:00,Plant-D,Blast-Furnace-2,636.2,937.9,545.6,2119.7,0.772,0.86,41.9
2024-02-15 00:00,Plant-A,Sinter-Plant,1407.1,945.2,501.3,2853.6,0.601,1.19,164.3
2024-02-15 04:00,Plant-A,Sinter-Plant,1656.3,429.2,200.9,2286.4,0.891,0.91,45.4
2024-02-15 08:00,Plant-B,Rolling-Mill,1613.2,867.8,544.7,3025.7,0.708,1.37,152.2
2024-02-15 12:00,Plant-C,Rolling-Mill,1133.3,900.8,243.3,2277.4,0.85,0.9,54.3
2024-02-15 16:00,Plant-A,BOF-Converter,704.1,502.3,295.7,1502.1,0.74,0.68,25.4
2024-02-15 20:00,Plant-C,Coke-Oven,795.9,926.1,414.8,2136.8,0.885,0.91,31.9
2024-02-16 00:00,Plant-C,Blast-Furnace-1,1228.1,455.9,277.5,1961.5,0.873,0.87,12.5
2024-02-16 04:00,Plant-C,Blast-Furnace-2,1563.9,582.5,250.6,2397.0,0.816,1.1,84.3
2024-02-16 08:00,Plant-A,Sinter-Plant,1637.9,428.3,399.7,2465.9,0.905,1.17,17.5
2024-02-16 12:00,Plant-D,Blast-Furnace-2,1091.2,523.2,613.6,2228.0,0.867,0.96,43.0
2024-02-16 16:00,Plant-B,Blast-Furnace-1,721.0,560.8,481.4,1763.2,0.778,0.73,39.7
2024-02-16 20:00,Plant-D,Blast-Furnace-1,759.8,580.3,286.9,1627.0,0.803,0.69,63.2
2024-02-17 00:00,Plant-A,Coke-Oven,1240.1,519.1,549.2,2308.4,0.769,1.05,39.0
2024-02-17 04:00,Plant-A,BOF-Converter,1685.7,633.0,517.2,2835.9,0.841,1.28,31.0
2024-02-17 08:00,Plant-C,Rolling-Mill,1595.3,551.2,426.3,2572.8,0.621,1.0,182.5
2024-02-17 12:00,Plant-A,BOF-Converter,1180.4,645.5,577.1,2403.0,0.906,1.12,39.2
2024-02-17 16:00,Plant-C,Rolling-Mill,518.0,770.6,475.0,1763.6,0.745,0.83,36.3
2024-02-17 20:00,Plant-D,BOF-Converter,675.1,892.2,482.4,2049.7,0.677,0.89,90.6
2024-02-18 00:00,Plant-D,Blast-Furnace-1,1055.4,695.9,274.0,2025.3,0.803,0.93,52.4
2024-02-18 04:00,Plant-B,Rolling-Mill,1753.8,590.5,360.5,2704.8,0.769,1.2,55.2
2024-02-18 08:00,Plant-D,Rolling-Mill,1611.3,700.3,270.8,2582.4,0.843,1.01,77.0
2024-02-18 12:00,Plant-D,Rolling-Mill,1174.6,709.1,515.3,2399.0,0.617,1.12,135.7
2024-02-18 16:00,Plant-A,Blast-Furnace-1,613.0,898.4,297.2,1808.6,0.873,0.74,19.6
2024-02-18 20:00,Plant-B,Blast-Furnace-2,717.6,727.9,443.5,1889.0,0.821,0.74,49.3
2024-02-19 00:00,Plant-B,Coke-Oven,1183.0,570.1,260.0,2013.1,0.704,0.81,80.7
2024-02-19 04:00,Plant-A,BOF-Converter,1788.5,562.7,338.4,2689.6,0.637,1.08,51.4
2024-02-19 08:00,Plant-C,Sinter-Plant,1562.1,889.3,405.8,2857.2,0.902,1.14,38.3
2024-02-19 12:00,Plant-B,Blast-Furnace-2,1139.5,532.8,317.7,1990.0,0.73,0.82,51.5
2024-02-19 16:00,Plant-B,Coke-Oven,627.7,868.6,379.8,1876.1,0.653,0.75,87.2
2024-02-19 20:00,Plant-C,Sinter-Plant,658.5,432.6,272.6,1363.7,0.897,0.64,11.4
2024-02-20 00:00,Plant-C,Blast-Furnace-2,1241.7,519.7,213.2,1974.6,0.75,0.93,31.5
2024-02-20 04:00,Plant-A,Rolling-Mill,1709.1,528.4,518.6,2756.1,0.842,1.24,56.0
2024-02-20 08:00,Plant-A,Sinter-Plant,1773.3,872.0,269.8,2915.1,0.611,1.2,206.1
2024-02-20 12:00,Plant-B,Rolling-Mill,1235.3,461.3,495.5,2192.1,0.719,0.87,108.3
2024-02-20 16:00,Plant-A,Sinter-Plant,715.6,458.2,283.5,1457.3,0.853,0.57,12.7
2024-02-20 20:00,Plant-C,BOF-Converter,710.5,885.3,374.8,1970.6,0.872,0.87,16.6
2024-02-21 00:00,Plant-D,Blast-Furnace-1,1226.4,400.8,237.2,1864.4,0.778,0.78,62.4
2024-02-21 04:00,Plant-B,Sinter-Plant,1767.2,868.4,572.1,3207.7,0.699,1.35,58.3
2024-02-21 08:00,Plant-B,Sinter-Plant,1762.8,542.2,227.0,2532.0,0.866,1.15,37.8
2024-02-21 12:00,Plant-A,Blast-Furnace-2,1193.6,675.8,297.2,2166.6,0.756,0.88,82.1
2024-02-21 16:00,Plant-D,BOF-Converter,622.9,495.7,475.9,1594.5,0.702,0.68,42.6
2024-02-21 20:00,Plant-B,Coke-Oven,664.0,920.2,501.3,2085.5,0.778,0.97,81.4
2024-02-22 00:00,Plant-A,Rolling-Mill,1267.2,712.5,468.1,2447.8,0.711,1.09,119.9
2024-02-22 04:00,Plant-B,Rolling-Mill,1680.2,618.6,556.9,2855.7,0.776,1.22,77.9
2024-02-22 08:00,Plant-B,Blast-Furnace-1,1659.5,462.8,217.5,2339.8,0.753,1.03,31.7
2024-02-22 12:00,Plant-C,BOF-Converter,1067.7,714.9,204.4,1987.0,0.796,0.78,53.9
2024-02-22 16:00,Plant-A,Blast-Furnace-2,731.5,737.3,459.5,1928.3,0.88,0.91,36.7
2024-02-22 20:00,Plant-B,Blast-Furnace-1,650.7,479.1,364.0,1493.8,0.612,0.61,42.7
2024-02-23 00:00,Plant-D,Blast-Furnace-2,1201.1,936.3,430.6,2568.0,0.75,0.99,59.0
2024-02-23 04:00,Plant-D,Blast-Furnace-1,1717.4,669.1,378.7,2765.2,0.703,1.22,139.0
2024-02-23 08:00,Plant-A,Sinter-Plant,1772.7,628.0,600.2,3000.9,0.911,1.21,51.4
2024-02-23 12:00,Plant-B,Blast-Furnace-2,1112.0,663.1,526.3,2301.4,0.644,1.0,129.1
2024-02-23 16:00,Plant-B,Blast-Furnace-2,608.5,667.8,308.6,1584.9,0.815,0.66,34.6
2024-02-23 20:00,Plant-A,Blast-Furnace-1,745.2,927.5,215.1,1887.8,0.781,0.88,81.3
2024-02-24 00:00,Plant-B,Blast-Furnace-2,1283.3,572.9,466.6,2322.8,0.815,1.06,54.2
2024-02-24 04:00,Plant-C,Blast-Furnace-2,1669.9,405.0,273.0,2347.9,0.889,0.97,38.7
2024-02-24 08:00,Plant-C,Blast-Furnace-2,1752.4,467.3,373.9,2593.6,0.638,1.2,118.4
2024-02-24 12:00,Plant-A,Blast-Furnace-2,1202.1,889.8,320.0,2411.9,0.656,0.97,69.9
2024-02-24 16:00,Plant-C,Blast-Furnace-1,758.1,844.4,619.3,2221.8,0.667,0.93,71.6
2024-02-24 20:00,Plant-A,Blast-Furnace-2,594.7,417.6,273.7,1286.0,0.87,0.53,26.4
2024-02-25 00:00,Plant-C,Coke-Oven,1215.6,543.3,295.4,2054.3,0.705,0.93,37.2
2024-02-25 04:00,Plant-B,Blast-Furnace-1,1619.2,855.0,318.9,2793.1,0.854,1.14,35.3
2024-02-25 08:00,Plant-A,Coke-Oven,1901.0,628.9,213.0,2742.9,0.859,1.17,43.0
2024-02-25 12:00,Plant-D,Blast-Furnace-2,1247.6,708.6,417.4,2373.6,0.721,1.1,96.6
2024-02-25 16:00,Plant-D,Sinter-Plant,657.1,685.4,388.3,1730.8,0.713,0.76,54.3
2024-02-25 20:00,Plant-B,Blast-Furnace-2,691.6,945.0,494.5,2131.1,0.69,0.98,122.1
2024-02-26 00:00,Plant-B,Blast-Furnace-1,1179.8,459.3,517.6,2156.7,0.856,0.96,39.5
2024-02-26 04:00,Plant-D,BOF-Converter,1618.2,577.8,349.9,2545.9,0.771,1.18,90.3
2024-02-26 08:00,Plant-B,Blast-Furnace-1,1696.3,780.1,538.9,3015.3,0.65,1.34,188.7
2024-02-26 12:00,Plant-A,Blast-Furnace-2,1200.2,679.3,276.7,2156.2,0.622,0.96,41.9
2024-02-26 16:00,Plant-A,Rolling-Mill,822.8,738.6,504.0,2065.4,0.721,0.86,33.4
2024-02-26 20:00,Plant-B,BOF-Converter,682.5,491.9,270.4,1444.8,0.758,0.65,48.6
2024-02-27 00:00,Plant-C,Sinter-Plant,1137.7,843.2,611.1,2592.0,0.772,1.13,55.0
2024-02-27 04:00,Plant-D,Blast-Furnace-1,1592.4,630.1,229.9,2452.4,0.871,0.99,36.4
2024-02-27 08:00,Plant-D,BOF-Converter,1672.3,651.7,441.8,2765.8,0.902,1.09,36.6
2024-02-27 12:00,Plant-B,Rolling-Mill,1057.7,796.3,399.2,2253.2,0.778,0.95,80.1
2024-02-27 16:00,Plant-D,Blast-Furnace-1,661.9,878.2,450.9,1991.0,0.675,0.89,36.1
2024-02-27 20:00,Plant-B,BOF-Converter,727.2,656.3,417.4,1800.9,0.727,0.82,89.3
2024-02-28 00:00,Plant-C,Blast-Furnace-2,1401.5,618.4,342.3,2362.2,0.702,0.97,92.3
2024-02-28 04:00,Plant-D,BOF-Converter,1743.5,576.3,214.9,2534.7,0.8,1.12,100.1
2024-02-28 08:00,Plant-C,Blast-Furnace-2,1635.9,844.3,348.2,2828.4,0.85,1.23,39.2
2024-02-28 12:00,Plant-C,BOF-Converter,1273.4,647.9,476.8,2398.1,0.903,1.12,26.1
2024-02-28 16:00,Plant-B,Blast-Furnace-1,713.8,903.4,560.0,2177.2,0.865,0.95,28.5
2024-02-28 20:00,Plant-D,Sinter-Plant,639.9,503.5,490.7,1634.1,0.604,0.64,87.9
2024-02-29 00:00,Plant-B,Sinter-Plant,1097.4,642.6,445.6,2185.6,0.66,0.96,47.1
2024-02-29 04:00,Plant-C,Blast-Furnace-2,1713.6,867.3,233.8,2814.7,0.766,1.19,94.5
2024-02-29 08:00,Plant-C,BOF-Converter,1615.4,533.4,545.5,2694.3,0.854,1.25,28.3
2024-02-29 12:00,Plant-B,Sinter-Plant,1304.4,559.5,519.0,2382.9,0.891,1.07,32.8
2024-02-29 16:00,Plant-D,BOF-Converter,697.2,540.9,386.4,1624.5,0.786,0.73,50.0
2024-02-29 20:00,Plant-D,Blast-Furnace-2,668.8,915.5,450.9,2035.2,0.737,0.79,42.6
2024-03-01 00:00,Plant-B,Coke-Oven,1182.8,556.4,313.8,2053.0,0.758,0.96,32.8
2024-03-01 04:00,Plant-D,Coke-Oven,1568.1,433.1,563.6,2564.8,0.768,1.02,90.3
2024-03-01 08:00,Plant-C,Sinter-Plant,1736.4,406.7,362.1,2505.2,0.629,1.04,72.6
2024-03-01 12:00,Plant-A,Blast-Furnace-1,1173.6,872.2,511.6,2557.4,0.697,1.04,128.6
2024-03-01 16:00,Plant-D,Sinter-Plant,664.6,869.0,440.1,1973.7,0.684,0.88,84.3
2024-03-01 20:00,Plant-D,Sinter-Plant,816.7,798.6,426.5,2041.8,0.72,0.91,109.7
2024-03-02 00:00,Plant-A,Coke-Oven,1152.0,853.6,489.4,2495.0,0.914,1.05,18.4
2024-03-02 04:00,Plant-D,Blast-Furnace-2,1703.8,430.2,534.6,2668.6,0.714,1.17,93.7
2024-03-02 08:00,Plant-D,Blast-Furnace-2,1744.5,403.0,433.1,2580.6,0.658,1.2,84.6
2024-03-02 12:00,Plant-C,Rolling-Mill,1162.9,814.4,553.5,2530.8,0.77,1.17,84.1
2024-03-02 16:00,Plant-C,Blast-Furnace-2,586.7,930.8,603.1,2120.6,0.69,0.84,42.4
2024-03-02 20:00,Plant-A,Sinter-Plant,622.9,837.6,368.7,1829.2,0.816,0.84,34.1
2024-03-03 00:00,Plant-D,Blast-Furnace-1,1121.6,652.2,494.6,2268.4,0.61,0.99,51.6
2024-03-03 04:00,Plant-D,BOF-Converter,1699.8,720.3,340.0,2760.1,0.787,1.23,113.8
2024-03-03 08:00,Plant-B,Coke-Oven,1629.6,470.5,498.1,2598.2,0.733,1.12,133.9
2024-03-03 12:00,Plant-B,Coke-Oven,1177.4,546.7,452.3,2176.4,0.617,0.89,135.9
2024-03-03 16:00,Plant-B,BOF-Converter,698.5,946.8,466.1,2111.4,0.825,0.9,48.1
2024-03-03 20:00,Plant-A,Blast-Furnace-2,795.8,587.8,507.3,1890.9,0.891,0.84,14.4
2024-03-04 00:00,Plant-A,Blast-Furnace-2,1095.6,402.1,380.7,1878.4,0.774,0.84,24.1
2024-03-04 04:00,Plant-B,Rolling-Mill,1814.1,602.4,389.3,2805.8,0.913,1.22,33.0
2024-03-04 08:00,Plant-B,Sinter-Plant,1602.0,840.5,315.8,2758.3,0.814,1.09,95.7
2024-03-04 12:00,Plant-A,Blast-Furnace-1,1193.8,592.3,277.7,2063.8,0.823,0.81,58.2
2024-03-04 16:00,Plant-C,Blast-Furnace-2,654.8,873.6,544.7,2073.1,0.879,0.81,29.2
2024-03-04 20:00,Plant-C,BOF-Converter,642.2,854.4,531.5,2028.1,0.788,0.82,41.2
2024-03-05 00:00,Plant-A,Sinter-Plant,994.8,744.3,591.8,2330.9,0.774,1.06,77.8
2024-03-05 04:00,Plant-A,Rolling-Mill,1687.8,560.2,254.3,2502.3,0.723,1.0,96.1
2024-03-05 08:00,Plant-A,Blast-Furnace-2,1714.6,666.9,455.0,2836.5,0.605,1.31,122.1
2024-03-05 12:00,Plant-D,Blast-Furnace-1,1250.5,816.4,312.5,2379.4,0.667,1.04,64.1
2024-03-05 16:00,Plant-A,Blast-Furnace-2,634.0,540.3,409.8,1584.1,0.629,0.74,95.2
2024-03-05 20:00,Plant-D,Blast-Furnace-2,608.7,501.6,587.5,1697.8,0.8,0.7,29.8
2024-03-06 00:00,Plant-C,BOF-Converter,1171.4,441.8,560.1,2173.3,0.628,0.9,106.6
2024-03-06 04:00,Plant-C,Coke-Oven,1717.8,497.1,406.6,2621.5,0.77,1.23,56.6
2024-03-06 08:00,Plant-C,Rolling-Mill,1726.7,844.6,431.1,3002.4,0.686,1.29,139.9
2024-03-06 12:00,Plant-D,Blast-Furnace-2,1201.0,615.2,463.7,2279.9,0.851,1.08,43.6
2024-03-06 16:00,Plant-C,BOF-Converter,733.5,628.9,431.4,1793.8,0.795,0.72,42.9
2024-03-06 20:00,Plant-C,Rolling-Mill,753.3,778.2,253.1,1784.6,0.691,0.73,74.6
2024-03-07 00:00,Plant-C,Coke-Oven,1264.8,627.0,321.4,2213.2,0.829,0.93,54.0
2024-03-07 04:00,Plant-D,Blast-Furnace-1,1804.3,413.0,281.5,2498.8,0.776,1.08,83.2
2024-03-07 08:00,Plant-C,BOF-Converter,1752.4,643.3,617.4,3013.1,0.776,1.23,115.7
2024-03-07 12:00,Plant-A,Blast-Furnace-1,1323.6,823.5,513.9,2661.0,0.846,1.2,53.2
2024-03-07 16:00,Plant-A,Blast-Furnace-1,704.5,472.2,462.5,1639.2,0.602,0.68,70.2
2024-03-07 20:00,Plant-D,Sinter-Plant,597.0,551.2,370.6,1518.8,0.76,0.63,41.6
2024-03-08 00:00,Plant-A,Coke-Oven,1069.8,400.2,206.4,1676.4,0.917,0.65,7.1
2024-03-08 04:00,Plant-D,Sinter-Plant,1576.6,404.4,553.3,2534.3,0.756,1.13,32.5
2024-03-08 08:00,Plant-A,Sinter-Plant,1748.1,635.1,303.4,2686.6,0.907,1.25,45.9
2024-03-08 12:00,Plant-C,Coke-Oven,1169.9,444.2,440.3,2054.4,0.637,0.83,141.1
2024-03-08 16:00,Plant-C,Rolling-Mill,627.5,777.2,330.1,1734.8,0.868,0.69,18.5
2024-03-08 20:00,Plant-C,Rolling-Mill,657.4,842.6,222.6,1722.6,0.84,0.75,15.5
2024-03-09 00:00,Plant-C,Sinter-Plant,1099.0,490.8,405.9,1995.7,0.828,0.91,52.9
2024-03-09 04:00,Plant-A,Blast-Furnace-2,1705.6,564.4,235.9,2505.9,0.807,0.99,73.7
2024-03-09 08:00,Plant-A,Coke-Oven,1805.2,426.5,588.3,2820.0,0.608,1.32,92.7
2024-03-09 12:00,Plant-B,Sinter-Plant,1143.2,643.4,457.3,2243.9,0.878,0.95,43.7
2024-03-09 16:00,Plant-C,Rolling-Mill,784.4,872.4,456.4,2113.2,0.647,0.87,43.5
2024-03-09 20:00,Plant-D,BOF-Converter,617.0,912.6,584.3,2113.9,0.822,0.86,41.1
2024-03-10 00:00,Plant-B,Blast-Furnace-1,1219.8,922.4,267.4,2409.6,0.88,1.07,39.1
2024-03-10 04:00,Plant-C,Sinter-Plant,1684.5,647.0,446.8,2778.3,0.757,1.15,36.2
2024-03-10 08:00,Plant-C,Blast-Furnace-1,1800.6,821.5,208.8,2830.9,0.914,1.33,14.4
2024-03-10 12:00,Plant-B,BOF-Converter,1198.5,823.4,610.3,2632.2,0.854,1.03,58.2
2024-03-10 16:00,Plant-D,Coke-Oven,595.3,768.7,419.0,1783.0,0.636,0.71,104.3
2024-03-10 20:00,Plant-A,Sinter-Plant,638.0,794.6,471.1,1903.7,0.894,0.79,27.8
2024-03-11 00:00,Plant-A,Coke-Oven,1060.9,528.5,567.6,2157.0,0.735,0.94,42.2
2024-03-11 04:00,Plant-B,Blast-Furnace-2,1714.2,691.3,473.8,2879.3,0.644,1.35,124.6
2024-03-11 08:00,Plant-A,BOF-Converter,1654.8,729.2,586.4,2970.4,0.659,1.24,109.8
2024-03-11 12:00,Plant-C,Blast-Furnace-2,1218.6,864.6,461.3,2544.5,0.767,1.01,53.4
2024-03-11 16:00,Plant-A,Blast-Furnace-2,626.3,845.7,352.7,1824.7,0.645,0.83,66.3
2024-03-11 20:00,Plant-C,Blast-Furnace-2,789.5,441.9,490.3,1721.7,0.775,0.69,28.8
2024-03-12 00:00,Plant-C,BOF-Converter,1241.9,670.2,310.8,2222.9,0.646,0.87,114.3
2024-03-12 04:00,Plant-C,BOF-Converter,1745.3,657.7,336.0,2739.0,0.873,1.12,67.8
2024-03-12 08:00,Plant-D,BOF-Converter,1857.6,501.6,305.8,2665.0,0.868,1.24,36.9
2024-03-12 12:00,Plant-B,Blast-Furnace-2,1296.3,559.9,487.2,2343.4,0.759,1.08,55.9
2024-03-12 16:00,Plant-B,Rolling-Mill,514.7,407.5,471.7,1393.9,0.641,0.62,79.7
2024-03-12 20:00,Plant-A,Sinter-Plant,686.4,648.0,233.3,1567.7,0.87,0.69,30.6
2024-03-13 00:00,Plant-A,BOF-Converter,1211.8,647.9,483.2,2342.9,0.789,1.03,80.3
2024-03-13 04:00,Plant-A,Sinter-Plant,1801.8,561.0,225.0,2587.8,0.808,1.2,36.4
2024-03-13 08:00,Plant-D,Sinter-Plant,1781.8,695.9,312.7,2790.4,0.804,1.28,40.5
2024-03-13 12:00,Plant-D,Coke-Oven,1248.0,471.5,246.2,1965.7,0.718,0.89,42.0
2024-03-13 16:00,Plant-B,Sinter-Plant,814.2,596.5,598.7,2009.4,0.614,0.93,97.6
2024-03-13 20:00,Plant-C,Rolling-Mill,679.4,422.7,492.5,1594.6,0.701,0.66,82.7
2024-03-14 00:00,Plant-B,BOF-Converter,1209.2,941.7,261.4,2412.3,0.853,0.96,32.4
2024-03-14 04:00,Plant-A,Rolling-Mill,1774.3,417.9,344.2,2536.4,0.673,1.07,147.1
2024-03-14 08:00,Plant-C,Blast-Furnace-1,1728.9,523.0,541.5,2793.4,0.749,1.12,129.8
2024-03-14 12:00,Plant-A,Blast-Furnace-1,1069.2,804.3,325.9,2199.4,0.821,0.92,39.2
2024-03-14 16:00,Plant-D,Blast-Furnace-1,649.7,625.6,598.5,1873.8,0.712,0.76,38.6
2024-03-14 20:00,Plant-C,Rolling-Mill,617.2,920.0,400.6,1937.8,0.813,0.81,54.1
2024-03-15 00:00,Plant-D,BOF-Converter,1122.3,600.4,357.7,2080.4,0.916,0.81,21.2
2024-03-15 04:00,Plant-D,Coke-Oven,1754.0,657.2,295.1,2706.3,0.912,1.2,43.6
2024-03-15 08:00,Plant-D,Rolling-Mill,1725.4,733.1,226.1,2684.6,0.712,1.06,73.8
2024-03-15 12:00,Plant-C,Coke-Oven,1146.4,613.3,499.6,2259.3,0.614,0.9,107.7
2024-03-15 16:00,Plant-B,Blast-Furnace-2,722.6,595.5,372.5,1690.6,0.783,0.8,25.7
2024-03-15 20:00,Plant-D,Blast-Furnace-1,589.2,582.6,489.9,1661.7,0.709,0.74,67.2
2024-03-16 00:00,Plant-D,Rolling-Mill,1120.9,781.8,365.6,2268.3,0.62,1.03,104.2
2024-03-16 04:00,Plant-A,Rolling-Mill,1731.1,488.1,598.9,2818.1,0.914,1.24,30.0
2024-03-16 08:00,Plant-B,Blast-Furnace-2,1807.6,840.3,591.5,3239.4,0.763,1.51,145.0
2024-03-16 12:00,Plant-D,Sinter-Plant,1208.8,768.7,554.4,2531.9,0.744,1.17,73.2
2024-03-16 16:00,Plant-B,Blast-Furnace-1,681.1,452.7,538.3,1672.1,0.685,0.79,82.9
2024-03-16 20:00,Plant-A,Blast-Furnace-1,627.6,809.5,227.2,1664.3,0.793,0.71,52.9
2024-03-17 00:00,Plant-B,Blast-Furnace-2,1283.3,912.7,310.0,2506.0,0.869,1.01,27.8
2024-03-17 04:00,Plant-A,Rolling-Mill,1779.3,465.2,322.6,2567.1,0.624,1.18,109.0
2024-03-17 08:00,Plant-A,Coke-Oven,1649.8,745.9,377.7,2773.4,0.625,1.13,168.0
2024-03-17 12:00,Plant-A,Blast-Furnace-2,1286.5,555.6,254.0,2096.1,0.786,0.99,58.5
2024-03-17 16:00,Plant-D,Blast-Furnace-2,559.0,887.9,556.9,2003.8,0.698,0.81,97.8
2024-03-17 20:00,Plant-A,Rolling-Mill,597.4,775.7,564.6,1937.7,0.604,0.83,62.7
2024-03-18 00:00,Plant-D,BOF-Converter,1149.2,489.4,265.1,1903.7,0.605,0.86,50.0
2024-03-18 04:00,Plant-C,Blast-Furnace-1,1627.7,552.9,505.2,2685.8,0.811,1.05,38.6
2024-03-18 08:00,Plant-A,Sinter-Plant,1749.6,727.4,293.1,2770.1,0.767,1.13,128.8
2024-03-18 12:00,Plant-C,Blast-Furnace-1,1301.0,816.6,350.0,2467.6,0.832,0.96,61.4
2024-03-18 16:00,Plant-C,Blast-Furnace-2,750.6,683.9,400.7,1835.2,0.645,0.77,124.8
2024-03-18 20:00,Plant-D,BOF-Converter,581.8,866.5,596.7,2045.0,0.8,0.85,75.7
2024-03-19 00:00,Plant-A,Blast-Furnace-2,1200.8,754.0,479.7,2434.5,0.641,1.14,152.9
2024-03-19 04:00,Plant-C,Coke-Oven,1779.9,580.8,227.4,2588.1,0.712,1.18,68.0
2024-03-19 08:00,Plant-C,Sinter-Plant,1750.0,860.5,555.2,3165.7,0.917,1.23,13.3
2024-03-19 12:00,Plant-C,Rolling-Mill,1146.2,676.7,260.4,2083.3,0.718,0.94,71.2
2024-03-19 16:00,Plant-A,BOF-Converter,595.3,496.9,543.9,1636.1,0.806,0.75,63.0
2024-03-19 20:00,Plant-C,Rolling-Mill,784.3,659.5,234.2,1678.0,0.774,0.68,59.0
2024-03-20 00:00,Plant-D,BOF-Converter,1266.7,433.2,525.6,2225.5,0.673,0.9,133.8
2024-03-20 04:00,Plant-C,Blast-Furnace-1,1923.3,575.5,400.6,2899.4,0.636,1.23,191.0
2024-03-20 08:00,Plant-D,Coke-Oven,1694.2,663.5,364.9,2722.6,0.637,1.16,178.2
2024-03-20 12:00,Plant-D,Blast-Furnace-1,1293.7,728.5,267.7,2289.9,0.825,1.08,72.3
2024-03-20 16:00,Plant-B,BOF-Converter,805.6,864.5,484.6,2154.7,0.75,0.88,60.6
2024-03-20 20:00,Plant-B,Blast-Furnace-2,685.0,917.7,427.7,2030.4,0.688,0.91,114.9
2024-03-21 00:00,Plant-A,Blast-Furnace-1,1088.2,902.8,487.8,2478.8,0.738,1.11,114.0
2024-03-21 04:00,Plant-D,Coke-Oven,1554.1,624.8,448.3,2627.2,0.89,1.15,27.8
2024-03-21 08:00,Plant-D,Blast-Furnace-1,1647.9,613.6,352.9,2614.4,0.878,1.22,27.8
2024-03-21 12:00,Plant-B,Coke-Oven,1255.5,421.1,209.1,1885.7,0.744,0.74,31.0
2024-03-21 16:00,Plant-D,Blast-Furnace-1,596.6,705.4,556.0,1858.0,0.847,0.8,29.9
2024-03-21 20:00,Plant-C,Blast-Furnace-1,697.4,481.7,399.3,1578.4,0.647,0.66,67.6
2024-03-22 00:00,Plant-A,Coke-Oven,1232.6,778.8,356.3,2367.7,0.699,0.97,127.6
2024-03-22 04:00,Plant-B,Sinter-Plant,1789.2,413.3,210.9,2413.4,0.787,0.95,72.4
2024-03-22 08:00,Plant-A,Rolling-Mill,1642.9,856.5,508.0,3007.4,0.688,1.29,138.3
2024-03-22 12:00,Plant-A,Blast-Furnace-2,1249.6,558.3,390.4,2198.3,0.607,0.96,146.8
2024-03-22 16:00,Plant-C,Sinter-Plant,659.7,506.2,614.6,1780.5,0.747,0.79,58.2
2024-03-22 20:00,Plant-B,Rolling-Mill,625.0,470.4,557.8,1653.2,0.671,0.74,32.8
2024-03-23 00:00,Plant-B,Sinter-Plant,1218.9,559.5,549.4,2327.8,0.665,0.96,136.1
2024-03-23 04:00,Plant-D,Rolling-Mill,1620.0,906.4,361.9,2888.3,0.872,1.25,62.9
2024-03-23 08:00,Plant-A,BOF-Converter,1777.5,608.2,612.3,2998.0,0.798,1.26,34.8
2024-03-23 12:00,Plant-C,Sinter-Plant,1202.6,700.9,238.4,2141.9,0.815,0.87,38.7
2024-03-23 16:00,Plant-D,Blast-Furnace-2,569.0,449.3,228.6,1246.9,0.915,0.54,14.6
2024-03-23 20:00,Plant-D,Blast-Furnace-2,709.8,681.7,351.8,1743.3,0.801,0.71,44.9
2024-03-24 00:00,Plant-D,BOF-Converter,1182.6,902.5,292.0,2377.1,0.605,0.97,128.9
2024-03-24 04:00,Plant-A,BOF-Converter,1748.4,658.0,453.2,2859.6,0.779,1.14,80.4
2024-03-24 08:00,Plant-A,Blast-Furnace-1,1848.0,599.8,562.0,3009.8,0.75,1.33,75.5
2024-03-24 12:00,Plant-D,Blast-Furnace-1,1200.6,584.1,573.9,2358.6,0.808,1.0,29.5
2024-03-24 16:00,Plant-D,Sinter-Plant,770.0,737.1,496.7,2003.8,0.705,0.83,35.3
2024-03-24 20:00,Plant-A,Blast-Furnace-1,723.7,623.8,390.5,1738.0,0.747,0.81,76.8
2024-03-25 00:00,Plant-C,Rolling-Mill,1417.9,703.8,558.8,2680.5,0.71,1.16,132.0
2024-03-25 04:00,Plant-C,Rolling-Mill,1679.2,852.1,229.9,2761.2,0.686,1.08,80.1
2024-03-25 08:00,Plant-B,Blast-Furnace-2,1747.6,841.3,612.1,3201.0,0.883,1.26,23.3
2024-03-25 12:00,Plant-D,BOF-Converter,1236.2,798.7,323.2,2358.1,0.904,0.99,41.9
2024-03-25 16:00,Plant-C,Rolling-Mill,662.4,792.6,594.0,2049.0,0.667,0.93,44.4
2024-03-25 20:00,Plant-B,Rolling-Mill,780.5,766.3,508.8,2055.6,0.717,0.91,72.7
2024-03-26 00:00,Plant-A,Coke-Oven,1188.7,872.1,549.8,2610.6,0.64,1.03,86.8
2024-03-26 04:00,Plant-C,BOF-Converter,1716.6,716.1,207.1,2639.8,0.815,1.05,88.0
2024-03-26 08:00,Plant-D,Coke-Oven,1749.1,806.9,574.8,3130.8,0.791,1.35,107.4
2024-03-26 12:00,Plant-C,Blast-Furnace-1,1108.1,661.8,308.9,2078.8,0.607,0.92,128.4
2024-03-26 16:00,Plant-A,Coke-Oven,661.3,901.4,480.4,2043.1,0.89,0.93,15.3
2024-03-26 20:00,Plant-C,Sinter-Plant,671.7,700.6,590.1,1962.4,0.627,0.85,95.6
2024-03-27 00:00,Plant-B,Blast-Furnace-2,1243.8,518.8,442.2,2204.8,0.777,0.91,95.0
2024-03-27 04:00,Plant-D,Blast-Furnace-2,1747.1,596.2,536.0,2879.3,0.787,1.19,82.8
2024-03-27 08:00,Plant-A,Coke-Oven,1823.2,636.5,490.1,2949.8,0.806,1.22,111.1
2024-03-27 12:00,Plant-C,Coke-Oven,1177.5,880.0,215.0,2272.5,0.907,0.91,40.0
2024-03-27 16:00,Plant-C,Rolling-Mill,796.7,638.5,517.0,1952.2,0.833,0.86,31.0
2024-03-27 20:00,Plant-A,Blast-Furnace-2,768.8,816.5,568.0,2153.3,0.808,0.91,65.6
2024-03-28 00:00,Plant-B,Coke-Oven,1398.9,915.3,425.3,2739.5,0.656,1.19,55.2
2024-03-28 04:00,Plant-B,Rolling-Mill,1765.8,499.0,607.2,2872.0,0.827,1.31,44.8
2024-03-28 08:00,Plant-D,Sinter-Plant,1725.4,769.4,470.3,2965.1,0.717,1.28,51.1
2024-03-28 12:00,Plant-C,Blast-Furnace-2,1168.1,403.0,215.7,1786.8,0.74,0.74,71.0
2024-03-28 16:00,Plant-A,Sinter-Plant,654.8,797.3,471.5,1923.6,0.786,0.82,52.4
2024-03-28 20:00,Plant-D,Rolling-Mill,707.8,558.8,473.2,1739.8,0.632,0.81,109.1
2024-03-29 00:00,Plant-A,Coke-Oven,1188.7,712.7,283.6,2185.0,0.606,1.03,54.8
2024-03-29 04:00,Plant-C,Rolling-Mill,1763.8,918.0,512.7,3194.5,0.728,1.48,123.6
2024-03-29 08:00,Plant-B,Rolling-Mill,1651.3,770.6,386.5,2808.4,0.751,1.27,93.7
2024-03-29 12:00,Plant-A,BOF-Converter,1100.9,571.6,258.1,1930.6,0.732,0.81,54.4
2024-03-29 16:00,Plant-D,Rolling-Mill,539.1,837.8,511.3,1888.2,0.841,0.75,36.1
2024-03-29 20:00,Plant-D,Coke-Oven,687.4,933.7,593.8,2214.9,0.804,0.88,59.3
2024-03-30 00:00,Plant-B,Sinter-Plant,1185.6,661.4,461.7,2308.7,0.698,1.01,79.6
2024-03-30 04:00,Plant-B,Rolling-Mill,1650.3,735.5,231.7,2617.5,0.73,1.11,36.4
2024-03-30 08:00,Plant-C,Coke-Oven,1643.7,855.1,292.0,2790.8,0.732,1.31,93.2
2024-03-30 12:00,Plant-D,Blast-Furnace-1,1063.6,496.9,219.1,1779.6,0.728,0.73,96.3
2024-03-30 16:00,Plant-B,Sinter-Plant,758.2,500.3,381.7,1640.2,0.854,0.71,22.9
2024-03-30 20:00,Plant-C,Blast-Furnace-2,633.9,653.8,254.6,1542.3,0.713,0.6,41.7
2024-03-31 00:00,Plant-A,Blast-Furnace-1,1190.4,948.7,209.4,2348.5,0.685,0.95,81.0
2024-03-31 04:00,Plant-D,Coke-Oven,1688.8,924.7,439.1,3052.6,0.631,1.24,183.9
2024-03-31 08:00,Plant-B,Blast-Furnace-1,1723.1,928.5,543.0,3194.6,0.909,1.26,23.8
2024-03-31 12:00,Plant-D,Rolling-Mill,1215.9,804.8,490.3,2511.0,0.887,1.17,32.8
2024-03-31 16:00,Plant-C,Rolling-Mill,661.3,935.1,517.0,2113.4,0.617,0.87,138.9
2024-03-31 20:00,Plant-B,Blast-Furnace-2,640.1,851.2,295.4,1786.7,0.886,0.83,16.9
2024-04-01 00:00,Plant-C,Blast-Furnace-1,1164.4,522.0,447.1,2133.5,0.669,0.94,80.4
2024-04-01 04:00,Plant-C,BOF-Converter,1726.4,873.5,229.1,2829.0,0.912,1.33,30.3
2024-04-01 08:00,Plant-B,BOF-Converter,1659.3,794.1,617.1,3070.5,0.853,1.42,73.5
2024-04-01 12:00,Plant-A,Rolling-Mill,1255.3,415.6,368.2,2039.1,0.607,0.92,119.8
2024-04-01 16:00,Plant-A,Blast-Furnace-1,674.4,738.6,439.0,1852.0,0.774,0.83,54.6
2024-04-01 20:00,Plant-B,Coke-Oven,688.4,672.2,279.9,1640.5,0.728,0.65,66.2
2024-04-02 00:00,Plant-D,Sinter-Plant,1264.1,826.9,553.3,2644.3,0.776,1.1,41.6
2024-04-02 04:00,Plant-D,BOF-Converter,1629.1,666.7,502.2,2798.0,0.754,1.17,61.3
2024-04-02 08:00,Plant-D,Coke-Oven,1794.0,484.2,313.9,2592.1,0.733,1.17,93.9
2024-04-02 12:00,Plant-D,BOF-Converter,1092.7,505.2,411.5,2009.4,0.906,0.88,10.1
2024-04-02 16:00,Plant-D,Blast-Furnace-1,627.6,631.2,564.9,1823.7,0.915,0.86,15.5
2024-04-02 20:00,Plant-D,BOF-Converter,871.5,736.4,280.3,1888.2,0.763,0.84,46.2
2024-04-03 00:00,Plant-B,Sinter-Plant,1221.4,540.8,561.9,2324.1,0.879,0.93,20.7
2024-04-03 04:00,Plant-D,Sinter-Plant,1576.3,775.1,536.0,2887.4,0.643,1.18,88.7
2024-04-03 08:00,Plant-D,Rolling-Mill,1798.4,529.6,523.7,2851.7,0.88,1.14,22.4
2024-04-03 12:00,Plant-A,Blast-Furnace-1,1069.0,661.0,466.8,2196.8,0.803,1.01,29.2
2024-04-03 16:00,Plant-C,Rolling-Mill,736.0,418.1,424.6,1578.7,0.606,0.62,51.8
2024-04-03 20:00,Plant-B,BOF-Converter,642.9,660.1,384.1,1687.1,0.844,0.68,45.8
2024-04-04 00:00,Plant-B,Blast-Furnace-1,1039.9,690.9,461.9,2192.7,0.713,0.94,124.8
2024-04-04 04:00,Plant-A,Coke-Oven,1780.6,921.2,238.2,2940.0,0.697,1.37,70.2
2024-04-04 08:00,Plant-D,Blast-Furnace-2,1756.2,883.1,574.2,3213.5,0.747,1.46,144.2
2024-04-04 12:00,Plant-D,Sinter-Plant,1270.5,671.1,212.4,2154.0,0.885,1.01,18.7
2024-04-04 16:00,Plant-D,Sinter-Plant,598.1,528.6,313.5,1440.2,0.813,0.66,39.5
2024-04-04 20:00,Plant-B,BOF-Converter,667.1,414.0,415.7,1496.8,0.657,0.68,41.4
2024-04-05 00:00,Plant-A,Blast-Furnace-1,1285.5,549.5,360.4,2195.4,0.845,0.87,42.7
2024-04-05 04:00,Plant-A,Rolling-Mill,1721.1,730.0,424.9,2876.0,0.832,1.3,41.6
2024-04-05 08:00,Plant-A,Blast-Furnace-1,1670.0,683.5,395.3,2748.8,0.89,1.1,26.3
2024-04-05 12:00,Plant-A,BOF-Converter,1149.6,578.2,616.5,2344.3,0.783,0.94,76.0
2024-04-05 16:00,Plant-D,Blast-Furnace-2,726.5,648.3,235.5,1610.3,0.885,0.67,19.1
2024-04-05 20:00,Plant-C,BOF-Converter,724.7,870.8,577.6,2173.1,0.613,1.01,112.6
2024-04-06 00:00,Plant-A,Blast-Furnace-2,1215.5,888.6,402.0,2506.1,0.875,1.14,20.2
2024-04-06 04:00,Plant-B,Coke-Oven,1796.7,793.9,269.3,2859.9,0.828,1.15,77.2
2024-04-06 08:00,Plant-C,Blast-Furnace-1,1781.5,874.5,508.0,3164.0,0.795,1.37,98.6
2024-04-06 12:00,Plant-D,Sinter-Plant,1137.3,562.2,277.6,1977.1,0.69,0.9,89.7
2024-04-06 16:00,Plant-A,Blast-Furnace-2,651.9,845.1,417.7,1914.7,0.656,0.79,76.4
2024-04-06 20:00,Plant-C,BOF-Converter,763.4,650.6,481.1,1895.1,0.891,0.84,24.0
2024-04-07 00:00,Plant-B,Blast-Furnace-2,1309.6,841.3,394.4,2545.3,0.604,1.16,109.4
2024-04-07 04:00,Plant-A,Coke-Oven,1666.4,784.4,378.4,2829.2,0.738,1.19,47.0
2024-04-07 08:00,Plant-B,BOF-Converter,1767.4,942.0,475.1,3184.5,0.837,1.49,44.5
2024-04-07 12:00,Plant-C,Sinter-Plant,1264.8,898.2,589.9,2752.9,0.679,1.16,113.4
2024-04-07 16:00,Plant-D,Blast-Furnace-1,548.8,658.1,565.9,1772.8,0.83,0.82,47.3
2024-04-07 20:00,Plant-D,BOF-Converter,695.9,692.1,256.9,1644.9,0.77,0.67,48.1
2024-04-08 00:00,Plant-A,Coke-Oven,1257.1,897.7,379.1,2533.9,0.768,1.01,61.3
2024-04-08 04:00,Plant-D,Rolling-Mill,1618.7,428.5,263.0,2310.2,0.803,0.95,47.8
2024-04-08 08:00,Plant-A,Coke-Oven,1733.8,784.1,322.7,2840.6,0.853,1.13,22.1
2024-04-08 12:00,Plant-B,Blast-Furnace-2,1329.3,785.6,515.0,2629.9,0.854,1.22,41.1
2024-04-08 16:00,Plant-A,Coke-Oven,597.1,768.7,319.1,1684.9,0.874,0.77,40.5
2024-04-08 20:00,Plant-D,Blast-Furnace-1,667.0,716.9,574.0,1957.9,0.665,0.87,119.2
2024-04-09 00:00,Plant-C,Blast-Furnace-1,1206.0,733.0,366.8,2305.8,0.716,0.95,88.2
2024-04-09 04:00,Plant-B,Coke-Oven,1535.5,934.5,422.0,2892.0,0.787,1.18,66.5
2024-04-09 08:00,Plant-A,Blast-Furnace-2,1734.5,803.0,486.6,3024.1,0.861,1.38,72.4
2024-04-09 12:00,Plant-B,Sinter-Plant,1093.8,795.7,520.8,2410.3,0.656,1.04,163.9
2024-04-09 16:00,Plant-B,Sinter-Plant,768.7,664.6,247.9,1681.2,0.602,0.79,89.6
2024-04-09 20:00,Plant-B,Rolling-Mill,541.6,587.0,526.6,1655.2,0.714,0.66,45.2
