timestamp,plant_id,unit_id,vibration,temperature,pressure,failure_probability,production_rate,downtime_flag
2024-01-01 00:00,Plant-D,Blast-Furnace-1,9.189,797.5,8.77,0.596,1439.6,0
2024-01-01 04:00,Plant-D,BOF-Converter,0.753,1611.3,4.08,0.463,2378.6,0
2024-01-01 08:00,Plant-D,Coke-Oven,7.359,1039.8,10.24,0.635,1485.4,0
2024-01-01 12:00,Plant-A,Rolling-Mill,8.65,921.2,6.97,0.498,898.5,0
2024-01-01 16:00,Plant-D,Sinter-Plant,7.66,845.3,7.82,0.538,2695.7,1
2024-01-01 20:00,Plant-B,Coke-Oven,5.372,1622.4,6.44,0.728,1147.3,0
2024-01-02 00:00,Plant-B,Blast-Furnace-2,0.94,1111.2,9.0,0.465,1174.9,1
2024-01-02 04:00,Plant-A,Rolling-Mill,5.411,527.7,18.26,0.469,2350.1,0
2024-01-02 08:00,Plant-B,Sinter-Plant,3.354,1593.0,14.5,0.715,2116.3,0
2024-01-02 12:00,Plant-C,Coke-Oven,8.977,1279.9,1.86,0.502,2905.7,0
2024-01-02 16:00,Plant-D,Coke-Oven,6.728,1532.1,17.18,0.792,1102.5,0
2024-01-02 20:00,Plant-D,Coke-Oven,6.674,988.6,4.09,0.564,2006.1,0
2024-01-03 00:00,Plant-C,Blast-Furnace-1,1.309,1620.6,13.67,0.713,2613.9,0
2024-01-03 04:00,Plant-B,BOF-Converter,8.477,1296.7,1.92,0.613,1398.7,0
2024-01-03 08:00,Plant-C,Rolling-Mill,7.024,1271.2,15.04,0.765,1732.3,0
2024-01-03 12:00,Plant-A,Blast-Furnace-2,6.352,1073.7,11.1,0.65,2224.7,1
2024-01-03 16:00,Plant-D,Coke-Oven,5.498,1637.9,7.3,0.622,833.8,0
2024-01-03 20:00,Plant-A,Rolling-Mill,1.416,1363.9,1.56,0.354,3139.3,0
2024-01-04 00:00,Plant-A,Sinter-Plant,5.854,1586.9,16.11,0.828,1109.1,0
2024-01-04 04:00,Plant-A,Coke-Oven,2.999,313.3,4.26,0.219,2712.6,1
2024-01-04 08:00,Plant-D,Rolling-Mill,6.722,1075.0,5.98,0.569,2095.8,0
2024-01-04 12:00,Plant-C,Coke-Oven,2.159,566.5,7.81,0.199,2295.8,0
2024-01-04 16:00,Plant-D,Blast-Furnace-2,1.031,1369.6,6.78,0.439,2041.6,0
2024-01-04 20:00,Plant-A,Blast-Furnace-1,8.417,430.1,16.07,0.563,1170.4,0
2024-01-05 00:00,Plant-B,Blast-Furnace-2,2.117,1306.1,3.95,0.399,2210.2,1
2024-01-05 04:00,Plant-B,Sinter-Plant,1.377,1194.0,16.87,0.674,1502.8,0
2024-01-05 08:00,Plant-B,Rolling-Mill,0.826,580.0,7.5,0.336,2038.3,0
2024-01-05 12:00,Plant-D,Rolling-Mill,5.629,786.0,7.1,0.517,1489.9,0
2024-01-05 16:00,Plant-A,Sinter-Plant,2.23,768.1,18.07,0.494,2101.5,0
2024-01-05 20:00,Plant-C,Sinter-Plant,3.397,614.4,6.86,0.262,2313.1,0
2024-01-06 00:00,Plant-B,Rolling-Mill,4.227,659.1,13.72,0.417,1708.9,0
2024-01-06 04:00,Plant-A,Coke-Oven,1.481,337.2,3.33,0.135,1424.0,0
2024-01-06 08:00,Plant-C,Coke-Oven,3.536,400.9,10.35,0.279,2173.1,0
2024-01-06 12:00,Plant-A,Blast-Furnace-2,8.374,1642.3,7.95,0.726,2428.2,0
2024-01-06 16:00,Plant-D,Blast-Furnace-1,5.744,997.1,3.2,0.435,2416.7,1
2024-01-06 20:00,Plant-C,Blast-Furnace-1,8.778,805.5,1.36,0.363,1423.9,0
2024-01-07 00:00,Plant-D,Blast-Furnace-2,3.593,1061.2,5.61,0.394,1182.4,0
2024-01-07 04:00,Plant-C,Blast-Furnace-1,5.72,617.9,6.91,0.439,854.1,1
2024-01-07 08:00,Plant-C,Sinter-Plant,4.349,679.5,13.66,0.474,2156.2,0
2024-01-07 12:00,Plant-A,Blast-Furnace-1,6.445,984.1,5.06,0.485,2680.0,0
2024-01-07 16:00,Plant-D,Blast-Furnace-1,8.315,454.8,13.96,0.581,1693.5,0
2024-01-07 20:00,Plant-B,BOF-Converter,4.306,323.8,13.55,0.394,2013.6,0
2024-01-08 00:00,Plant-D,Sinter-Plant,1.084,1360.6,14.57,0.618,1427.6,0
2024-01-08 04:00,Plant-A,Blast-Furnace-2,5.854,732.2,12.73,0.477,1391.1,0
2024-01-08 08:00,Plant-B,Rolling-Mill,5.304,1167.3,17.6,0.756,1568.7,0
2024-01-08 12:00,Plant-D,Rolling-Mill,4.401,368.5,12.52,0.355,1113.3,1
2024-01-08 16:00,Plant-B,Sinter-Plant,3.081,463.2,4.03,0.201,2493.9,0
2024-01-08 20:00,Plant-D,BOF-Converter,5.447,376.6,6.15,0.315,1197.9,0
2024-01-09 00:00,Plant-C,BOF-Converter,8.385,957.4,12.47,0.615,2791.2,1
2024-01-09 04:00,Plant-B,Coke-Oven,2.493,597.1,18.23,0.514,2018.9,0
2024-01-09 08:00,Plant-D,Rolling-Mill,4.654,523.9,7.69,0.279,1141.4,0
2024-01-09 12:00,Plant-D,Blast-Furnace-2,5.299,872.4,5.08,0.434,1117.2,0
2024-01-09 16:00,Plant-B,BOF-Converter,1.268,1437.8,18.23,0.696,931.9,0
2024-01-09 20:00,Plant-A,Blast-Furnace-2,9.126,1110.0,4.49,0.565,3175.7,0
2024-01-10 00:00,Plant-A,Sinter-Plant,8.972,680.8,12.78,0.625,2863.5,0
2024-01-10 04:00,Plant-D,Sinter-Plant,1.877,1196.6,9.97,0.505,1120.6,0
2024-01-10 08:00,Plant-D,Rolling-Mill,2.157,674.7,14.29,0.302,1697.0,0
2024-01-10 12:00,Plant-C,Sinter-Plant,0.924,1088.6,6.14,0.403,1301.1,0
2024-01-10 16:00,Plant-D,Blast-Furnace-1,2.771,290.0,10.8,0.34,3184.6,0
2024-01-10 20:00,Plant-C,Rolling-Mill,1.704,1236.1,16.29,0.575,2203.3,0
2024-01-11 00:00,Plant-A,Blast-Furnace-1,3.372,1312.7,12.4,0.658,2737.2,0
2024-01-11 04:00,Plant-D,Blast-Furnace-1,8.512,453.7,8.53,0.346,980.3,0
2024-01-11 08:00,Plant-B,Coke-Oven,8.684,1097.2,7.17,0.684,1819.3,1
2024-01-11 12:00,Plant-C,Blast-Furnace-2,9.778,1033.0,14.31,0.739,1730.5,0
2024-01-11 16:00,Plant-D,Blast-Furnace-2,2.495,941.4,17.25,0.583,2436.4,0
2024-01-11 20:00,Plant-B,Blast-Furnace-2,1.396,875.2,17.07,0.449,1302.8,0
2024-01-12 00:00,Plant-A,Coke-Oven,1.83,814.9,8.08,0.427,2031.7,0
2024-01-12 04:00,Plant-B,Coke-Oven,1.09,1125.1,3.52,0.364,1748.3,1
2024-01-12 08:00,Plant-B,Sinter-Plant,3.618,399.8,3.73,0.211,1828.8,0
2024-01-12 12:00,Plant-B,Blast-Furnace-2,3.24,559.4,8.55,0.286,2564.3,0
2024-01-12 16:00,Plant-B,Blast-Furnace-1,9.082,417.5,10.79,0.421,2986.2,0
2024-01-12 20:00,Plant-A,Blast-Furnace-1,8.616,1296.5,15.05,0.793,1912.7,0
2024-01-13 00:00,Plant-A,Blast-Furnace-1,7.868,541.0,11.14,0.56,2226.2,1
2024-01-13 04:00,Plant-C,Sinter-Plant,2.428,1490.9,1.89,0.438,2509.5,0
2024-01-13 08:00,Plant-C,BOF-Converter,5.437,1324.3,18.28,0.777,1433.1,1
2024-01-13 12:00,Plant-D,BOF-Converter,5.191,1214.1,15.97,0.685,1794.6,0
2024-01-13 16:00,Plant-A,Blast-Furnace-1,2.182,605.1,3.89,0.194,2989.7,0
2024-01-13 20:00,Plant-A,Sinter-Plant,8.088,714.2,16.44,0.694,1986.3,1
2024-01-14 00:00,Plant-C,Sinter-Plant,8.308,1641.3,17.04,0.925,3036.3,0
2024-01-14 04:00,Plant-B,Blast-Furnace-1,1.795,1357.4,12.72,0.682,1056.3,0
2024-01-14 08:00,Plant-B,Sinter-Plant,1.718,909.7,8.19,0.329,1781.2,0
2024-01-14 12:00,Plant-D,Blast-Furnace-1,9.524,1618.5,7.13,0.84,1589.7,0
2024-01-14 16:00,Plant-A,BOF-Converter,4.611,735.7,13.11,0.54,1837.3,0
2024-01-14 20:00,Plant-C,Sinter-Plant,9.621,603.0,17.36,0.628,3174.0,0
2024-01-15 00:00,Plant-C,Blast-Furnace-2,2.663,1138.2,5.78,0.478,1940.2,0
2024-01-15 04:00,Plant-B,Rolling-Mill,2.26,1325.1,17.76,0.672,1808.6,0
2024-01-15 08:00,Plant-A,Sinter-Plant,4.079,767.4,3.18,0.345,2401.0,0
2024-01-15 12:00,Plant-C,Coke-Oven,5.929,689.2,17.0,0.555,1603.6,0
2024-01-15 16:00,Plant-A,Rolling-Mill,0.636,1453.9,13.84,0.543,1696.5,0
2024-01-15 20:00,Plant-B,Sinter-Plant,8.601,1119.7,9.96,0.682,2787.9,1
2024-01-16 00:00,Plant-B,Rolling-Mill,9.188,1108.1,18.33,0.84,1836.2,0
2024-01-16 04:00,Plant-A,Coke-Oven,0.853,903.9,17.64,0.523,2462.5,0
2024-01-16 08:00,Plant-A,Blast-Furnace-1,3.643,1444.6,17.22,0.703,2419.5,0
2024-01-16 12:00,Plant-A,Blast-Furnace-1,8.723,1613.2,7.27,0.789,2295.8,0
2024-01-16 16:00,Plant-A,BOF-Converter,4.859,570.8,16.15,0.464,2084.4,0
2024-01-16 20:00,Plant-A,BOF-Converter,1.116,1192.8,15.43,0.554,3010.3,0
2024-01-17 00:00,Plant-D,Blast-Furnace-1,9.755,1384.8,16.59,0.854,818.0,0
2024-01-17 04:00,Plant-D,Blast-Furnace-1,1.164,464.5,13.35,0.363,2356.2,0
2024-01-17 08:00,Plant-C,Coke-Oven,6.779,556.8,8.15,0.354,1930.9,0
2024-01-17 12:00,Plant-A,BOF-Converter,9.554,783.0,17.36,0.678,2158.8,0
2024-01-17 16:00,Plant-C,Blast-Furnace-1,6.449,1441.4,14.23,0.797,1600.0,0
2024-01-17 20:00,Plant-D,Sinter-Plant,0.562,935.6,5.19,0.259,1815.0,0
2024-01-18 00:00,Plant-D,Sinter-Plant,3.321,513.2,3.32,0.24,2179.7,0
2024-01-18 04:00,Plant-B,Rolling-Mill,6.944,1261.7,6.07,0.581,2537.9,0
2024-01-18 08:00,Plant-A,BOF-Converter,8.735,840.8,14.3,0.729,2646.7,0
2024-01-18 12:00,Plant-A,Sinter-Plant,1.022,705.5,5.43,0.227,3116.3,0
2024-01-18 16:00,Plant-C,Coke-Oven,3.825,1134.5,5.0,0.41,2693.2,1
2024-01-18 20:00,Plant-D,Blast-Furnace-2,9.402,532.2,1.29,0.409,2349.3,0
2024-01-19 00:00,Plant-B,Coke-Oven,7.129,1121.2,9.37,0.617,1297.6,0
2024-01-19 04:00,Plant-D,Blast-Furnace-1,1.295,1064.7,11.64,0.438,2011.1,0
2024-01-19 08:00,Plant-D,Rolling-Mill,5.183,444.6,7.58,0.329,1657.0,1
2024-01-19 12:00,Plant-A,Blast-Furnace-2,4.912,1565.1,8.6,0.663,992.6,0
2024-01-19 16:00,Plant-B,Blast-Furnace-2,7.303,795.6,12.57,0.585,2865.4,0
2024-01-19 20:00,Plant-D,Blast-Furnace-1,5.37,466.8,16.69,0.486,2084.1,0
2024-01-20 00:00,Plant-D,BOF-Converter,5.705,883.8,2.47,0.366,1897.7,0
2024-01-20 04:00,Plant-D,Blast-Furnace-2,3.251,1476.2,3.81,0.51,1014.3,0
2024-01-20 08:00,Plant-A,Coke-Oven,2.66,1178.0,12.66,0.616,3038.9,0
2024-01-20 12:00,Plant-C,Blast-Furnace-1,5.01,782.6,6.84,0.452,2337.6,0
2024-01-20 16:00,Plant-D,Blast-Furnace-2,0.935,1220.1,3.52,0.397,2020.9,0
2024-01-20 20:00,Plant-D,Blast-Furnace-2,1.389,1253.8,14.83,0.685,864.6,0
2024-01-21 00:00,Plant-B,Coke-Oven,5.711,1563.9,14.32,0.854,2128.8,0
2024-01-21 04:00,Plant-C,Rolling-Mill,2.633,1437.7,15.75,0.741,2284.6,1
2024-01-21 08:00,Plant-B,BOF-Converter,1.401,1135.8,12.63,0.479,1245.3,0
2024-01-21 12:00,Plant-D,Rolling-Mill,6.385,971.5,2.28,0.385,805.6,1
2024-01-21 16:00,Plant-C,Sinter-Plant,0.845,437.8,12.65,0.35,1915.7,0
2024-01-21 20:00,Plant-A,Sinter-Plant,5.357,452.2,11.46,0.387,2481.8,0
2024-01-22 00:00,Plant-A,Rolling-Mill,1.778,313.1,12.27,0.254,2028.6,0
2024-01-22 04:00,Plant-C,Blast-Furnace-1,1.913,436.4,12.55,0.34,2366.2,0
2024-01-22 08:00,Plant-B,Rolling-Mill,9.691,947.4,3.16,0.574,1619.1,0
2024-01-22 12:00,Plant-B,BOF-Converter,0.895,1511.2,5.24,0.465,2568.1,0
2024-01-22 16:00,Plant-D,Blast-Furnace-1,6.158,1356.5,1.98,0.537,1876.2,0
2024-01-22 20:00,Plant-C,Blast-Furnace-1,4.503,891.6,16.98,0.574,1999.4,1
2024-01-23 00:00,Plant-A,Blast-Furnace-2,8.386,997.3,5.17,0.558,1676.0,0
2024-01-23 04:00,Plant-B,Blast-Furnace-2,1.953,637.3,12.32,0.357,1125.5,0
2024-01-23 08:00,Plant-B,Blast-Furnace-1,8.497,1367.3,17.53,0.851,843.6,0
2024-01-23 12:00,Plant-D,Blast-Furnace-2,5.814,891.8,16.67,0.609,1253.5,0
2024-01-23 16:00,Plant-A,Coke-Oven,4.386,1152.8,15.12,0.668,1239.7,0
2024-01-23 20:00,Plant-B,BOF-Converter,1.781,1221.5,8.52,0.618,2289.9,0
2024-01-24 00:00,Plant-B,Blast-Furnace-2,6.855,1347.4,4.48,0.604,1083.0,0
2024-01-24 04:00,Plant-C,Rolling-Mill,2.668,1476.2,12.9,0.625,891.4,0
2024-01-24 08:00,Plant-A,Blast-Furnace-1,7.284,701.8,9.3,0.436,1715.8,0
2024-01-24 12:00,Plant-C,Blast-Furnace-1,5.146,1492.8,10.01,0.698,2165.6,0
2024-01-24 16:00,Plant-A,Rolling-Mill,6.502,359.6,4.37,0.321,1623.8,0
2024-01-24 20:00,Plant-A,Sinter-Plant,7.134,500.2,11.08,0.314,3015.7,1
2024-01-25 00:00,Plant-C,Blast-Furnace-2,5.011,874.0,12.88,0.55,1192.6,0
2024-01-25 04:00,Plant-D,Sinter-Plant,3.394,296.3,12.84,0.231,977.4,0
2024-01-25 08:00,Plant-A,Coke-Oven,3.052,402.8,10.24,0.202,1740.3,0
2024-01-25 12:00,Plant-A,Coke-Oven,5.207,514.1,7.66,0.377,1339.9,0
2024-01-25 16:00,Plant-C,Blast-Furnace-2,5.296,1146.2,13.5,0.647,1645.2,1
2024-01-25 20:00,Plant-C,Sinter-Plant,1.691,786.7,15.48,0.441,2216.0,1
2024-01-26 00:00,Plant-C,Sinter-Plant,5.087,1470.9,9.94,0.649,1596.7,0
2024-01-26 04:00,Plant-A,Coke-Oven,7.417,314.5,14.59,0.417,3056.1,0
2024-01-26 08:00,Plant-D,Blast-Furnace-1,9.237,1353.4,10.16,0.826,1830.6,1
2024-01-26 12:00,Plant-B,Rolling-Mill,2.403,1202.6,11.9,0.563,1780.3,0
2024-01-26 16:00,Plant-A,Rolling-Mill,1.095,1406.6,14.47,0.601,2856.2,0
2024-01-26 20:00,Plant-D,Rolling-Mill,2.675,1547.9,8.91,0.609,1310.3,0
2024-01-27 00:00,Plant-A,Blast-Furnace-2,1.448,1204.5,9.32,0.463,2586.6,0
2024-01-27 04:00,Plant-A,Coke-Oven,3.066,1151.7,2.18,0.415,2350.7,0
2024-01-27 08:00,Plant-A,Blast-Furnace-1,9.216,1410.3,12.53,0.736,1534.2,0
2024-01-27 12:00,Plant-A,BOF-Converter,7.138,594.0,17.11,0.521,2392.6,0
2024-01-27 16:00,Plant-A,BOF-Converter,3.863,302.0,4.95,0.191,1312.0,0
2024-01-27 20:00,Plant-D,Rolling-Mill,7.821,356.3,6.7,0.431,1384.6,0
2024-01-28 00:00,Plant-B,Blast-Furnace-2,4.561,1610.0,7.35,0.578,1439.6,0
2024-01-28 04:00,Plant-B,Blast-Furnace-1,4.945,1643.9,9.92,0.704,1758.1,0
2024-01-28 08:00,Plant-A,Sinter-Plant,8.772,1213.2,12.79,0.821,1041.5,0
2024-01-28 12:00,Plant-B,BOF-Converter,7.397,807.3,9.64,0.539,1421.6,0
2024-01-28 16:00,Plant-B,Sinter-Plant,7.261,598.7,16.78,0.681,2420.2,1
2024-01-28 20:00,Plant-B,Sinter-Plant,0.989,840.2,18.44,0.538,1762.4,0
2024-01-29 00:00,Plant-A,Coke-Oven,4.537,897.2,12.37,0.556,1505.6,0
2024-01-29 04:00,Plant-D,Rolling-Mill,8.845,802.9,6.95,0.634,1669.1,0
2024-01-29 08:00,Plant-B,Coke-Oven,7.381,494.5,14.71,0.47,2966.4,0
2024-01-29 12:00,Plant-D,Coke-Oven,3.211,451.8,1.56,0.13,3143.8,1
2024-01-29 16:00,Plant-D,Blast-Furnace-2,9.296,724.4,15.42,0.681,3025.0,0
2024-01-29 20:00,Plant-D,BOF-Converter,7.773,653.7,4.86,0.412,1165.5,0
2024-01-30 00:00,Plant-D,Coke-Oven,4.281,1648.6,7.44,0.767,1811.3,0
2024-01-30 04:00,Plant-C,Blast-Furnace-2,4.105,1648.9,10.98,0.714,2157.5,0
2024-01-30 08:00,Plant-A,Blast-Furnace-2,0.73,1429.7,5.33,0.486,2001.9,0
2024-01-30 12:00,Plant-B,Rolling-Mill,4.406,602.3,13.2,0.404,2036.7,0
2024-01-30 16:00,Plant-D,Rolling-Mill,5.936,1168.3,7.86,0.492,1069.5,0
2024-01-30 20:00,Plant-D,BOF-Converter,3.079,543.9,7.18,0.315,1049.9,0
2024-01-31 00:00,Plant-A,Blast-Furnace-2,1.837,696.1,15.9,0.46,1896.9,0
2024-01-31 04:00,Plant-A,BOF-Converter,5.023,1272.3,4.06,0.601,3188.1,0
2024-01-31 08:00,Plant-C,Blast-Furnace-1,8.62,1402.6,5.95,0.665,1135.7,0
2024-01-31 12:00,Plant-A,Blast-Furnace-2,1.738,1407.0,18.41,0.778,3042.3,1
2024-01-31 16:00,Plant-C,Blast-Furnace-2,9.058,350.7,5.66,0.346,2938.6,0
2024-01-31 20:00,Plant-C,Blast-Furnace-1,2.339,915.5,4.5,0.369,2804.6,0
2024-02-01 00:00,Plant-B,Sinter-Plant,5.13,675.8,15.42,0.56,2627.9,0
2024-02-01 04:00,Plant-A,BOF-Converter,8.265,930.5,12.91,0.63,1875.0,0
2024-02-01 08:00,Plant-A,Blast-Furnace-2,9.452,1129.6,13.88,0.725,1150.7,0
2024-02-01 12:00,Plant-A,Coke-Oven,3.762,486.1,3.3,0.165,1578.4,0
2024-02-01 16:00,Plant-D,BOF-Converter,8.714,467.9,9.49,0.495,1676.3,0
2024-02-01 20:00,Plant-B,Blast-Furnace-1,5.019,455.8,16.39,0.532,1445.4,1
2024-02-02 00:00,Plant-D,BOF-Converter,0.511,1366.0,14.62,0.54,1969.8,0
2024-02-02 04:00,Plant-A,Blast-Furnace-2,7.334,1162.0,6.39,0.537,1511.3,0
2024-02-02 08:00,Plant-A,Sinter-Plant,1.482,1493.9,11.33,0.572,1749.8,0
2024-02-02 12:00,Plant-D,Sinter-Plant,3.783,1113.5,9.15,0.496,3188.8,0
2024-02-02 16:00,Plant-D,BOF-Converter,5.66,290.2,2.27,0.349,3027.1,0
2024-02-02 20:00,Plant-D,BOF-Converter,9.336,1444.7,4.0,0.663,1656.3,0
2024-02-03 00:00,Plant-A,Coke-Oven,8.856,854.8,8.62,0.552,880.2,0
2024-02-03 04:00,Plant-A,Blast-Furnace-1,4.265,472.4,4.04,0.232,2470.0,0
2024-02-03 08:00,Plant-C,Blast-Furnace-2,6.341,963.8,10.36,0.529,2132.6,0
2024-02-03 12:00,Plant-A,Blast-Furnace-2,3.126,499.6,14.84,0.366,1593.3,0
2024-02-03 16:00,Plant-C,Blast-Furnace-1,4.656,791.3,5.38,0.426,1727.5,0
2024-02-03 20:00,Plant-B,Blast-Furnace-2,2.2,737.5,4.49,0.286,2523.7,1
2024-02-04 00:00,Plant-D,BOF-Converter,5.585,721.2,1.33,0.402,1205.7,0
2024-02-04 04:00,Plant-C,BOF-Converter,9.177,848.1,8.62,0.552,1661.4,0
2024-02-04 08:00,Plant-B,Rolling-Mill,5.707,809.3,15.1,0.533,2703.9,0
2024-02-04 12:00,Plant-D,BOF-Converter,7.723,718.2,4.94,0.499,1284.1,1
2024-02-04 16:00,Plant-C,BOF-Converter,6.682,1123.7,2.25,0.501,1824.1,0
2024-02-04 20:00,Plant-C,Coke-Oven,8.107,320.2,3.73,0.235,1392.3,1
2024-02-05 00:00,Plant-B,BOF-Converter,2.964,321.2,8.72,0.341,1814.3,0
2024-02-05 04:00,Plant-C,Blast-Furnace-1,1.047,476.3,13.53,0.298,2729.1,0
2024-02-05 08:00,Plant-A,Blast-Furnace-1,0.87,1393.9,10.19,0.485,2600.5,0
2024-02-05 12:00,Plant-B,BOF-Converter,6.591,1127.0,7.18,0.561,1594.9,0
2024-02-05 16:00,Plant-B,Rolling-Mill,4.846,1282.0,1.98,0.502,1579.0,0
2024-02-05 20:00,Plant-B,BOF-Converter,1.382,853.8,12.76,0.407,1517.2,0
2024-02-06 00:00,Plant-D,Coke-Oven,1.491,969.1,8.43,0.369,2448.5,0
2024-02-06 04:00,Plant-C,BOF-Converter,8.816,287.9,3.63,0.271,2310.3,0
2024-02-06 08:00,Plant-D,Coke-Oven,9.387,1122.6,15.2,0.758,2721.1,0
2024-02-06 12:00,Plant-A,Rolling-Mill,3.195,780.9,3.79,0.293,904.1,0
2024-02-06 16:00,Plant-A,Blast-Furnace-1,3.375,730.6,8.77,0.419,1458.5,0
2024-02-06 20:00,Plant-C,Blast-Furnace-2,7.326,1147.6,6.01,0.547,1530.5,0
2024-02-07 00:00,Plant-C,Blast-Furnace-1,2.028,1284.9,16.03,0.69,3002.8,1
2024-02-07 04:00,Plant-D,Rolling-Mill,1.086,979.6,10.2,0.406,1416.1,0
2024-02-07 08:00,Plant-C,Blast-Furnace-2,6.708,716.1,9.0,0.416,1618.8,1
2024-02-07 12:00,Plant-B,Blast-Furnace-2,5.191,439.0,17.91,0.603,1881.6,0
2024-02-07 16:00,Plant-C,Blast-Furnace-1,4.25,637.0,15.09,0.536,1863.9,0
2024-02-07 20:00,Plant-B,Rolling-Mill,0.767,1363.9,14.39,0.584,2463.7,0
2024-02-08 00:00,Plant-D,Rolling-Mill,7.29,692.4,16.64,0.557,1860.0,0
2024-02-08 04:00,Plant-A,Blast-Furnace-2,1.016,605.6,9.97,0.312,3052.8,0
2024-02-08 08:00,Plant-D,Coke-Oven,4.283,1542.7,9.61,0.681,2728.1,1
2024-02-08 12:00,Plant-C,Coke-Oven,7.162,1557.5,10.39,0.76,863.9,0
2024-02-08 16:00,Plant-A,Rolling-Mill,4.747,1547.9,9.33,0.677,1925.6,0
2024-02-08 20:00,Plant-C,Blast-Furnace-2,6.492,759.5,18.16,0.645,1022.4,1
2024-02-09 00:00,Plant-A,Coke-Oven,4.602,850.5,9.24,0.492,2449.8,1
2024-02-09 04:00,Plant-A,Blast-Furnace-1,9.689,899.7,16.95,0.725,3066.3,0
2024-02-09 08:00,Plant-C,Blast-Furnace-2,6.049,1431.8,15.05,0.806,2015.3,0
2024-02-09 12:00,Plant-B,Sinter-Plant,1.798,789.1,11.48,0.408,1691.2,0
2024-02-09 16:00,Plant-C,Blast-Furnace-2,7.549,697.5,16.98,0.663,2550.8,0
2024-02-09 20:00,Plant-A,Rolling-Mill,2.154,1504.8,7.1,0.518,955.2,0
2024-02-10 00:00,Plant-C,Blast-Furnace-1,2.789,689.1,17.8,0.446,1671.3,1
2024-02-10 04:00,Plant-D,Blast-Furnace-1,4.36,1524.8,10.78,0.722,1720.6,0
2024-02-10 08:00,Plant-A,Blast-Furnace-2,2.531,1126.1,10.96,0.394,2459.9,0
2024-02-10 12:00,Plant-A,Coke-Oven,3.715,1558.9,1.98,0.461,1032.0,0
2024-02-10 16:00,Plant-A,Blast-Furnace-1,3.77,691.2,16.96,0.519,2304.5,0
2024-02-10 20:00,Plant-B,Blast-Furnace-2,4.218,1555.1,5.43,0.617,1715.1,0
2024-02-11 00:00,Plant-D,Rolling-Mill,5.304,1267.8,7.26,0.544,933.0,0
2024-02-11 04:00,Plant-B,Blast-Furnace-2,7.273,693.4,4.3,0.399,1696.2,0
2024-02-11 08:00,Plant-A,Blast-Furnace-1,5.287,713.0,13.61,0.462,1080.5,0
2024-02-11 12:00,Plant-C,Coke-Oven,9.125,784.3,1.71,0.563,3159.3,0
2024-02-11 16:00,Plant-B,BOF-Converter,1.25,514.2,17.9,0.41,1313.0,0
2024-02-11 20:00,Plant-D,Blast-Furnace-1,1.034,363.1,6.4,0.125,1795.8,0
2024-02-12 00:00,Plant-B,Sinter-Plant,2.837,466.2,3.42,0.168,960.6,0
2024-02-12 04:00,Plant-D,BOF-Converter,8.613,1515.4,7.6,0.721,1660.6,0
2024-02-12 08:00,Plant-A,BOF-Converter,4.38,1374.2,5.76,0.591,843.3,0
2024-02-12 12:00,Plant-C,Blast-Furnace-1,9.696,598.6,8.87,0.538,3040.0,0
2024-02-12 16:00,Plant-B,Rolling-Mill,7.611,951.4,11.02,0.578,1817.1,0
2024-02-12 20:00,Plant-A,Blast-Furnace-1,5.594,1119.3,3.66,0.447,833.6,0
2024-02-13 00:00,Plant-D,Sinter-Plant,7.615,1141.0,13.12,0.629,2932.7,0
2024-02-13 04:00,Plant-D,Blast-Furnace-2,9.428,627.1,3.55,0.389,1831.4,0
2024-02-13 08:00,Plant-B,Coke-Oven,4.081,1166.7,16.69,0.676,2593.1,0
2024-02-13 12:00,Plant-D,Sinter-Plant,8.652,958.3,3.54,0.493,1001.0,0
2024-02-13 16:00,Plant-C,BOF-Converter,3.457,1536.6,11.83,0.663,1958.9,1
2024-02-13 20:00,Plant-B,Blast-Furnace-1,7.886,1299.8,12.9,0.755,1581.6,0
2024-02-14 00:00,Plant-A,Coke-Oven,7.465,990.7,11.94,0.656,3111.1,0
2024-02-14 04:00,Plant-B,Blast-Furnace-1,3.203,1146.5,7.48,0.474,1873.3,0
2024-02-14 08:00,Plant-A,Sinter-Plant,9.595,836.1,17.47,0.772,2763.2,0
2024-02-14 12:00,Plant-D,Coke-Oven,5.567,960.2,2.85,0.43,2308.5,1
2024-02-14 16:00,Plant-B,Blast-Furnace-2,4.028,1231.6,14.29,0.576,1306.8,0
2024-02-14 20:00,Plant-B,BOF-Converter,2.953,1570.3,6.03,0.501,1345.4,0
2024-02-15 00:00,Plant-A,Blast-Furnace-1,6.413,418.2,10.67,0.382,1665.0,1
2024-02-15 04:00,Plant-A,Sinter-Plant,1.398,1241.1,4.07,0.364,1135.2,1
2024-02-15 08:00,Plant-D,Rolling-Mill,3.28,1564.3,12.04,0.724,1048.5,0
2024-02-15 12:00,Plant-B,Rolling-Mill,7.073,1642.3,3.14,0.675,1797.7,0
2024-02-15 16:00,Plant-C,Rolling-Mill,5.891,304.7,9.85,0.417,1943.5,0
2024-02-15 20:00,Plant-C,Blast-Furnace-1,3.907,1170.4,14.54,0.56,894.2,0
2024-02-16 00:00,Plant-B,Coke-Oven,6.543,1125.3,14.26,0.604,885.7,1
2024-02-16 04:00,Plant-A,Blast-Furnace-1,2.239,965.4,10.92,0.413,1367.5,0
2024-02-16 08:00,Plant-D,Sinter-Plant,9.005,882.6,11.04,0.668,998.3,0
2024-02-16 12:00,Plant-D,Blast-Furnace-1,1.751,714.5,8.36,0.198,3196.3,0
2024-02-16 16:00,Plant-C,Blast-Furnace-1,7.599,1045.6,2.62,0.572,1088.1,0
2024-02-16 20:00,Plant-B,Blast-Furnace-2,0.919,1602.3,10.01,0.584,1597.3,1
2024-02-17 00:00,Plant-C,Blast-Furnace-1,3.254,647.1,6.53,0.325,1660.1,1
2024-02-17 04:00,Plant-B,Rolling-Mill,8.213,1461.8,10.69,0.814,2013.3,0
2024-02-17 08:00,Plant-B,Blast-Furnace-2,1.689,915.4,5.59,0.29,2673.0,0
2024-02-17 12:00,Plant-A,Coke-Oven,5.069,1057.4,14.78,0.651,2396.3,0
2024-02-17 16:00,Plant-A,Rolling-Mill,2.865,1455.0,18.47,0.73,1651.7,0
2024-02-17 20:00,Plant-A,Sinter-Plant,1.642,863.2,5.99,0.25,1401.3,0
2024-02-18 00:00,Plant-B,Blast-Furnace-2,8.179,997.1,13.84,0.666,2806.1,0
2024-02-18 04:00,Plant-B,Sinter-Plant,4.753,917.4,15.49,0.543,981.6,0
2024-02-18 08:00,Plant-A,Coke-Oven,1.161,505.6,1.92,0.165,2063.5,0
2024-02-18 12:00,Plant-B,Sinter-Plant,7.547,1117.6,11.67,0.666,2705.5,0
2024-02-18 16:00,Plant-B,Rolling-Mill,1.641,1397.4,16.68,0.635,885.2,0
2024-02-18 20:00,Plant-B,BOF-Converter,9.347,1259.6,16.59,0.932,1957.8,1
2024-02-19 00:00,Plant-C,Blast-Furnace-2,6.218,427.2,13.62,0.448,2492.7,1
2024-02-19 04:00,Plant-D,BOF-Converter,7.287,1021.6,5.69,0.529,3061.8,0
2024-02-19 08:00,Plant-B,Sinter-Plant,2.811,1356.1,7.29,0.526,2017.9,0
2024-02-19 12:00,Plant-C,Blast-Furnace-1,7.887,755.2,15.93,0.631,2682.2,1
2024-02-19 16:00,Plant-D,Coke-Oven,9.512,1606.8,5.77,0.747,1493.0,0
2024-02-19 20:00,Plant-D,Blast-Furnace-2,7.33,1348.6,5.25,0.593,992.6,0
2024-02-20 00:00,Plant-B,Coke-Oven,6.874,836.9,17.64,0.635,1500.3,0
2024-02-20 04:00,Plant-A,Blast-Furnace-1,7.85,1030.8,2.74,0.482,2445.3,0
2024-02-20 08:00,Plant-D,BOF-Converter,0.994,895.2,6.54,0.349,2283.6,0
2024-02-20 12:00,Plant-C,Sinter-Plant,6.551,1626.3,12.42,0.788,3017.9,0
2024-02-20 16:00,Plant-A,Blast-Furnace-1,3.497,1321.3,7.16,0.579,1192.7,0
2024-02-20 20:00,Plant-A,BOF-Converter,6.612,1320.8,15.48,0.773,1903.4,0
2024-02-21 00:00,Plant-A,BOF-Converter,3.137,902.8,12.72,0.544,1539.1,0
2024-02-21 04:00,Plant-C,BOF-Converter,7.885,828.7,8.38,0.588,3197.5,0
2024-02-21 08:00,Plant-A,Blast-Furnace-1,9.002,515.8,16.21,0.613,2229.2,0
2024-02-21 12:00,Plant-D,BOF-Converter,2.025,667.4,9.8,0.345,1023.8,0
2024-02-21 16:00,Plant-A,Coke-Oven,0.704,295.4,2.05,0.104,1664.1,0
2024-02-21 20:00,Plant-C,Coke-Oven,7.805,1346.3,17.84,0.865,2324.3,1
2024-02-22 00:00,Plant-D,BOF-Converter,2.461,1523.2,16.99,0.665,1222.6,1
2024-02-22 04:00,Plant-D,BOF-Converter,8.137,1609.9,13.68,0.945,2364.4,1
2024-02-22 08:00,Plant-B,BOF-Converter,1.767,364.8,13.17,0.237,1919.4,0
2024-02-22 12:00,Plant-A,Sinter-Plant,5.579,599.6,14.83,0.59,2816.9,0
2024-02-22 16:00,Plant-C,Blast-Furnace-1,7.186,1099.6,13.31,0.675,2648.2,0
2024-02-22 20:00,Plant-A,Blast-Furnace-2,6.243,1437.6,8.66,0.693,2636.2,0
2024-02-23 00:00,Plant-D,Rolling-Mill,8.37,1215.9,2.53,0.507,1849.4,0
2024-02-23 04:00,Plant-A,Rolling-Mill,6.121,584.9,6.71,0.435,2643.5,0
2024-02-23 08:00,Plant-D,Rolling-Mill,5.385,323.2,3.32,0.184,1484.2,0
2024-02-23 12:00,Plant-B,Blast-Furnace-1,3.428,949.1,1.37,0.354,2537.3,0
2024-02-23 16:00,Plant-D,Blast-Furnace-1,4.371,812.5,5.25,0.364,1009.8,0
2024-02-23 20:00,Plant-B,Rolling-Mill,7.057,765.5,5.42,0.37,1712.1,1
2024-02-24 00:00,Plant-D,BOF-Converter,5.62,339.9,9.21,0.31,974.6,1
2024-02-24 04:00,Plant-A,Blast-Furnace-1,6.886,762.1,14.28,0.515,1524.9,0
2024-02-24 08:00,Plant-D,Blast-Furnace-2,5.357,1167.8,5.39,0.466,2897.9,1
2024-02-24 12:00,Plant-D,Rolling-Mill,7.708,425.6,9.85,0.533,2889.2,0
2024-02-24 16:00,Plant-D,Rolling-Mill,4.092,632.3,5.9,0.338,937.3,0
2024-02-24 20:00,Plant-D,Sinter-Plant,6.241,968.2,10.26,0.591,2549.0,0
2024-02-25 00:00,Plant-B,Rolling-Mill,4.167,1061.9,5.08,0.431,2008.7,0
2024-02-25 04:00,Plant-D,BOF-Converter,4.27,1647.3,10.45,0.654,2418.3,0
2024-02-25 08:00,Plant-B,Coke-Oven,3.759,1495.8,11.87,0.662,1352.8,0
2024-02-25 12:00,Plant-A,Blast-Furnace-2,6.81,1617.0,17.47,0.926,1772.5,0
2024-02-25 16:00,Plant-B,BOF-Converter,6.496,1087.4,3.43,0.531,2260.0,0
2024-02-25 20:00,Plant-D,Blast-Furnace-1,2.931,825.2,4.98,0.296,2480.7,0
2024-02-26 00:00,Plant-D,Blast-Furnace-2,8.178,412.9,12.36,0.493,830.7,1
2024-02-26 04:00,Plant-C,Blast-Furnace-1,7.869,1523.8,3.29,0.677,2016.2,0
2024-02-26 08:00,Plant-D,Blast-Furnace-2,1.408,1558.8,18.22,0.682,844.7,0
2024-02-26 12:00,Plant-C,Blast-Furnace-2,6.392,1178.5,13.49,0.707,1519.7,1
2024-02-26 16:00,Plant-B,Blast-Furnace-2,3.733,302.8,11.36,0.293,2020.1,0
2024-02-26 20:00,Plant-A,Blast-Furnace-1,0.54,471.1,18.13,0.442,1669.8,0
2024-02-27 00:00,Plant-A,Sinter-Plant,7.038,610.4,15.56,0.625,2104.6,0
2024-02-27 04:00,Plant-A,Blast-Furnace-2,8.243,1066.7,17.31,0.849,2364.4,0
2024-02-27 08:00,Plant-D,BOF-Converter,8.078,477.1,5.72,0.415,916.7,0
2024-02-27 12:00,Plant-B,BOF-Converter,4.192,805.8,2.9,0.306,2722.3,1
2024-02-27 16:00,Plant-D,Sinter-Plant,7.795,1024.8,5.13,0.532,2061.4,0
2024-02-27 20:00,Plant-C,Rolling-Mill,4.231,566.9,9.89,0.417,2817.1,0
2024-02-28 00:00,Plant-D,BOF-Converter,3.55,429.8,4.65,0.318,3195.0,0
2024-02-28 04:00,Plant-A,Blast-Furnace-2,3.481,1259.8,12.06,0.555,2547.9,0
2024-02-28 08:00,Plant-C,Coke-Oven,0.949,1309.1,15.67,0.568,2413.9,0
2024-02-28 12:00,Plant-C,BOF-Converter,1.703,1231.4,5.64,0.445,1360.3,0
2024-02-28 16:00,Plant-D,Blast-Furnace-1,6.162,1550.6,1.85,0.666,1657.6,0
2024-02-28 20:00,Plant-A,BOF-Converter,9.206,850.6,9.36,0.597,2425.6,0
2024-02-29 00:00,Plant-D,Rolling-Mill,9.777,1237.8,11.4,0.834,2221.6,0
2024-02-29 04:00,Plant-A,Blast-Furnace-1,9.201,1201.1,11.09,0.627,3070.5,0
2024-02-29 08:00,Plant-D,Rolling-Mill,7.245,1479.6,16.67,0.793,2950.5,0
2024-02-29 12:00,Plant-C,BOF-Converter,7.238,1113.7,12.73,0.694,2510.7,1
2024-02-29 16:00,Plant-D,Blast-Furnace-1,7.663,1645.8,7.02,0.731,1126.5,1
2024-02-29 20:00,Plant-C,Blast-Furnace-2,2.705,1492.6,9.72,0.592,1875.8,0
2024-03-01 00:00,Plant-C,Blast-Furnace-1,3.505,1513.7,10.17,0.672,2750.4,0
2024-03-01 04:00,Plant-D,Rolling-Mill,7.82,637.5,16.11,0.57,1232.5,0
2024-03-01 08:00,Plant-D,Blast-Furnace-2,4.762,554.6,7.09,0.27,3047.5,0
2024-03-01 12:00,Plant-C,Rolling-Mill,6.972,722.7,10.61,0.485,1689.7,0
2024-03-01 16:00,Plant-B,Coke-Oven,4.824,707.8,11.26,0.435,2997.7,0
2024-03-01 20:00,Plant-B,Blast-Furnace-1,3.578,1285.1,7.05,0.457,2070.9,0
2024-03-02 00:00,Plant-D,Coke-Oven,3.145,710.3,9.28,0.324,1331.3,0
2024-03-02 04:00,Plant-C,Blast-Furnace-1,8.105,1011.2,16.68,0.743,1089.9,0
2024-03-02 08:00,Plant-D,Coke-Oven,8.857,985.9,6.58,0.54,1589.5,0
2024-03-02 12:00,Plant-A,Blast-Furnace-1,9.306,770.7,16.17,0.633,2944.3,0
2024-03-02 16:00,Plant-D,Coke-Oven,5.91,1634.9,11.87,0.733,1750.5,0
2024-03-02 20:00,Plant-B,Rolling-Mill,3.324,1376.1,1.36,0.453,1627.7,0
2024-03-03 00:00,Plant-D,Blast-Furnace-2,4.383,619.6,11.91,0.382,2162.6,1
2024-03-03 04:00,Plant-C,Coke-Oven,8.376,1443.2,17.42,0.868,1632.3,0
2024-03-03 08:00,Plant-D,Blast-Furnace-2,8.496,309.9,2.05,0.338,2073.7,0
2024-03-03 12:00,Plant-B,Sinter-Plant,2.315,331.7,12.15,0.338,2982.7,0
2024-03-03 16:00,Plant-A,Blast-Furnace-1,8.355,535.1,7.52,0.486,976.0,1
2024-03-03 20:00,Plant-C,Sinter-Plant,6.562,427.8,7.87,0.444,1878.5,0
2024-03-04 00:00,Plant-A,Rolling-Mill,4.213,465.9,14.94,0.448,1296.9,0
2024-03-04 04:00,Plant-A,Coke-Oven,5.86,1578.4,6.59,0.583,1340.8,0
2024-03-04 08:00,Plant-C,BOF-Converter,8.104,360.8,13.25,0.516,1343.5,0
2024-03-04 12:00,Plant-A,Coke-Oven,1.784,1430.1,13.03,0.565,2919.2,0
2024-03-04 16:00,Plant-A,Blast-Furnace-1,0.796,501.3,18.11,0.433,842.8,0
2024-03-04 20:00,Plant-D,Blast-Furnace-1,4.371,577.0,8.22,0.372,913.2,0
2024-03-05 00:00,Plant-C,Sinter-Plant,7.21,581.4,10.68,0.453,1571.0,0
2024-03-05 04:00,Plant-C,Blast-Furnace-2,6.493,615.4,8.29,0.411,1081.3,0
2024-03-05 08:00,Plant-D,Coke-Oven,1.581,767.7,4.25,0.231,3150.3,0
2024-03-05 12:00,Plant-B,Blast-Furnace-2,0.749,609.0,6.24,0.299,1544.5,0
2024-03-05 16:00,Plant-C,Blast-Furnace-1,2.99,1585.6,2.22,0.574,2640.1,0
2024-03-05 20:00,Plant-A,Blast-Furnace-2,2.154,980.0,13.17,0.476,2104.1,0
2024-03-06 00:00,Plant-D,Rolling-Mill,3.363,1324.9,1.24,0.428,809.7,0
2024-03-06 04:00,Plant-C,Coke-Oven,2.2,958.1,8.96,0.44,1214.3,0
2024-03-06 08:00,Plant-A,Blast-Furnace-2,7.065,965.3,13.93,0.665,1211.3,0
2024-03-06 12:00,Plant-B,Blast-Furnace-2,3.13,1115.3,6.84,0.395,3088.5,0
2024-03-06 16:00,Plant-A,BOF-Converter,8.281,1034.8,16.14,0.778,1823.0,0
2024-03-06 20:00,Plant-A,Blast-Furnace-2,9.303,832.9,18.35,0.808,3008.5,0
2024-03-07 00:00,Plant-C,Blast-Furnace-2,8.698,1546.1,13.48,0.818,1261.8,0
2024-03-07 04:00,Plant-C,Blast-Furnace-1,6.294,1043.4,13.83,0.649,3099.6,0
2024-03-07 08:00,Plant-A,Rolling-Mill,7.165,1403.4,8.87,0.75,1980.2,0
2024-03-07 12:00,Plant-B,Rolling-Mill,1.065,1514.1,13.83,0.545,1446.9,0
2024-03-07 16:00,Plant-C,Blast-Furnace-2,7.287,1154.4,3.02,0.54,1689.2,0
2024-03-07 20:00,Plant-B,Sinter-Plant,6.704,1063.9,10.4,0.591,3121.0,0
2024-03-08 00:00,Plant-D,Sinter-Plant,3.82,597.8,12.55,0.424,1800.4,0
2024-03-08 04:00,Plant-A,Coke-Oven,8.592,1405.4,2.0,0.522,1074.4,0
2024-03-08 08:00,Plant-B,Coke-Oven,0.788,1535.4,11.23,0.652,2318.9,0
2024-03-08 12:00,Plant-B,Sinter-Plant,9.029,1392.4,4.29,0.756,1835.9,0
2024-03-08 16:00,Plant-D,Blast-Furnace-2,1.407,789.1,12.78,0.38,1578.8,0
2024-03-08 20:00,Plant-B,Sinter-Plant,2.736,576.9,9.65,0.337,1283.7,0
2024-03-09 00:00,Plant-D,Blast-Furnace-1,2.309,841.8,9.13,0.344,1973.4,0
2024-03-09 04:00,Plant-B,BOF-Converter,1.376,837.5,4.42,0.273,1415.5,0
2024-03-09 08:00,Plant-A,BOF-Converter,6.934,444.2,14.12,0.424,2619.1,0
2024-03-09 12:00,Plant-D,Coke-Oven,3.727,299.9,2.19,0.143,1077.5,0
2024-03-09 16:00,Plant-C,BOF-Converter,7.191,347.3,17.44,0.457,1805.0,0
2024-03-09 20:00,Plant-A,Blast-Furnace-2,5.383,483.1,6.83,0.305,1829.4,0
2024-03-10 00:00,Plant-D,Coke-Oven,8.54,676.5,8.28,0.663,894.0,0
2024-03-10 04:00,Plant-B,Blast-Furnace-1,4.766,1408.7,4.21,0.493,1136.4,0
2024-03-10 08:00,Plant-B,Rolling-Mill,8.638,968.8,2.53,0.463,2309.1,0
2024-03-10 12:00,Plant-D,Coke-Oven,9.454,1625.4,11.2,0.832,816.1,0
2024-03-10 16:00,Plant-A,Coke-Oven,9.509,787.6,1.56,0.443,2540.5,0
2024-03-10 20:00,Plant-A,BOF-Converter,7.738,381.8,6.19,0.334,1948.8,0
2024-03-11 00:00,Plant-B,Blast-Furnace-2,5.769,900.6,6.58,0.467,1494.3,0
2024-03-11 04:00,Plant-B,Blast-Furnace-1,7.143,686.6,6.15,0.439,1917.6,0
2024-03-11 08:00,Plant-C,Coke-Oven,6.642,670.0,13.6,0.537,2356.1,0
2024-03-11 12:00,Plant-B,Blast-Furnace-1,1.1,1610.4,17.98,0.687,1861.3,0
2024-03-11 16:00,Plant-A,Rolling-Mill,4.666,922.5,18.5,0.666,2112.1,0
2024-03-11 20:00,Plant-A,Rolling-Mill,4.007,491.2,2.5,0.256,2895.7,0
2024-03-12 00:00,Plant-C,Blast-Furnace-2,9.52,1641.1,8.63,0.807,2599.3,0
2024-03-12 04:00,Plant-C,Blast-Furnace-2,6.927,392.0,15.8,0.533,1008.6,0
2024-03-12 08:00,Plant-B,Rolling-Mill,7.642,381.0,9.97,0.461,1660.9,0
2024-03-12 12:00,Plant-C,Rolling-Mill,2.384,1288.3,3.2,0.394,977.3,0
2024-03-12 16:00,Plant-C,Blast-Furnace-1,7.151,1303.0,13.55,0.762,2614.8,1
2024-03-12 20:00,Plant-B,BOF-Converter,8.754,884.0,10.19,0.513,1500.4,1
2024-03-13 00:00,Plant-A,Sinter-Plant,7.891,1648.8,18.06,0.919,2889.9,0
2024-03-13 04:00,Plant-D,Blast-Furnace-1,3.979,929.6,8.64,0.474,3168.9,0
2024-03-13 08:00,Plant-B,BOF-Converter,7.097,1496.2,17.51,0.862,2269.6,0
2024-03-13 12:00,Plant-C,Blast-Furnace-1,5.505,1190.3,6.91,0.485,2349.4,0
2024-03-13 16:00,Plant-D,Rolling-Mill,5.441,1397.0,13.31,0.709,2644.6,0
2024-03-13 20:00,Plant-C,Coke-Oven,8.074,1311.2,16.04,0.853,1379.3,0
2024-03-14 00:00,Plant-B,Sinter-Plant,3.411,618.6,6.28,0.3,1167.9,1
2024-03-14 04:00,Plant-D,Blast-Furnace-1,2.87,1562.5,4.56,0.553,1607.9,1
2024-03-14 08:00,Plant-C,Blast-Furnace-1,4.605,436.6,8.58,0.281,1338.2,0
2024-03-14 12:00,Plant-B,Coke-Oven,4.575,1329.7,1.27,0.453,2570.9,0
2024-03-14 16:00,Plant-A,BOF-Converter,1.979,1535.6,17.42,0.625,2876.6,0
2024-03-14 20:00,Plant-D,Blast-Furnace-2,6.521,1535.2,5.66,0.711,2063.5,0
2024-03-15 00:00,Plant-C,Blast-Furnace-1,5.593,951.0,11.56,0.451,3156.5,1
2024-03-15 04:00,Plant-A,Rolling-Mill,2.471,309.0,17.61,0.353,1378.7,0
2024-03-15 08:00,Plant-D,Blast-Furnace-2,9.754,736.8,8.32,0.54,2958.8,0
2024-03-15 12:00,Plant-D,BOF-Converter,8.226,1531.6,17.41,0.867,2748.5,0
2024-03-15 16:00,Plant-B,Blast-Furnace-2,9.477,1525.1,4.47,0.691,877.1,0
2024-03-15 20:00,Plant-C,Coke-Oven,1.275,1110.7,15.92,0.633,1410.3,0
2024-03-16 00:00,Plant-B,BOF-Converter,8.376,1623.2,2.51,0.717,1938.9,0
2024-03-16 04:00,Plant-C,Blast-Furnace-2,2.099,1504.9,6.14,0.521,901.9,0
2024-03-16 08:00,Plant-C,Rolling-Mill,2.4,632.1,15.33,0.548,1608.9,0
2024-03-16 12:00,Plant-B,Coke-Oven,6.187,1289.5,17.03,0.806,2572.7,0
2024-03-16 16:00,Plant-B,Blast-Furnace-2,3.267,365.3,12.92,0.249,2607.3,1
2024-03-16 20:00,Plant-B,Blast-Furnace-2,7.668,773.4,7.63,0.617,2989.3,1
2024-03-17 00:00,Plant-B,Rolling-Mill,5.389,1062.6,12.48,0.62,2401.6,0
2024-03-17 04:00,Plant-D,Blast-Furnace-1,8.152,1203.4,15.36,0.786,2066.3,0
2024-03-17 08:00,Plant-B,Blast-Furnace-1,8.454,1277.0,9.41,0.707,1004.0,0
2024-03-17 12:00,Plant-B,BOF-Converter,6.648,923.7,4.6,0.433,1505.0,0
2024-03-17 16:00,Plant-A,Blast-Furnace-2,8.245,478.9,4.29,0.333,1599.3,0
2024-03-17 20:00,Plant-A,Coke-Oven,7.514,1466.3,12.26,0.781,870.6,0
2024-03-18 00:00,Plant-D,BOF-Converter,8.017,887.0,4.85,0.545,2462.8,0
2024-03-18 04:00,Plant-A,BOF-Converter,0.749,450.7,9.53,0.215,1123.1,0
2024-03-18 08:00,Plant-B,Rolling-Mill,4.501,748.3,3.29,0.407,933.1,0
2024-03-18 12:00,Plant-A,Sinter-Plant,7.964,449.3,13.25,0.478,2320.3,0
2024-03-18 16:00,Plant-B,Rolling-Mill,5.948,1416.0,15.54,0.693,1429.1,0
2024-03-18 20:00,Plant-C,Coke-Oven,1.021,1478.0,1.56,0.42,3076.9,0
2024-03-19 00:00,Plant-A,BOF-Converter,2.685,1469.4,13.76,0.705,2787.7,0
2024-03-19 04:00,Plant-D,BOF-Converter,9.127,1303.2,12.46,0.772,3149.4,0
2024-03-19 08:00,Plant-B,Blast-Furnace-2,5.733,1218.4,8.51,0.636,1085.6,0
2024-03-19 12:00,Plant-D,Sinter-Plant,5.378,285.9,16.93,0.408,1899.9,0
2024-03-19 16:00,Plant-B,Blast-Furnace-2,0.528,733.2,8.71,0.258,2444.1,0
2024-03-19 20:00,Plant-D,Blast-Furnace-2,1.911,912.4,16.09,0.531,831.2,1
2024-03-20 00:00,Plant-B,Blast-Furnace-2,1.805,1358.1,18.21,0.655,2693.0,0
2024-03-20 04:00,Plant-C,Blast-Furnace-2,2.593,360.9,12.83,0.27,2310.6,0
2024-03-20 08:00,Plant-C,Coke-Oven,2.486,940.7,14.42,0.511,2847.4,0
2024-03-20 12:00,Plant-B,Sinter-Plant,9.405,340.7,18.04,0.6,1503.1,0
2024-03-20 16:00,Plant-B,Blast-Furnace-2,3.944,1236.8,11.19,0.532,1197.4,0
2024-03-20 20:00,Plant-B,Blast-Furnace-1,9.301,519.7,18.21,0.725,2447.9,1
2024-03-21 00:00,Plant-D,BOF-Converter,8.977,791.0,2.08,0.381,1841.7,0
2024-03-21 04:00,Plant-A,Coke-Oven,2.016,1048.8,16.55,0.56,1499.0,0
2024-03-21 08:00,Plant-D,Rolling-Mill,6.371,812.2,2.35,0.387,2704.6,0
2024-03-21 12:00,Plant-B,Sinter-Plant,4.502,895.4,6.77,0.435,1605.8,0
2024-03-21 16:00,Plant-B,Rolling-Mill,5.527,643.1,13.6,0.512,2290.7,0
2024-03-21 20:00,Plant-C,Coke-Oven,2.808,1249.0,13.47,0.602,2128.9,0
2024-03-22 00:00,Plant-C,Sinter-Plant,5.855,1333.3,14.61,0.706,2744.3,0
2024-03-22 04:00,Plant-D,Blast-Furnace-1,5.878,459.7,2.76,0.146,2602.4,0
2024-03-22 08:00,Plant-B,Coke-Oven,4.295,1537.0,3.55,0.521,1927.2,0
2024-03-22 12:00,Plant-D,Rolling-Mill,4.314,1003.3,5.87,0.46,3150.4,0
2024-03-22 16:00,Plant-D,Blast-Furnace-2,4.165,1167.6,3.35,0.486,1831.6,0
2024-03-22 20:00,Plant-C,Coke-Oven,1.737,1443.5,7.04,0.564,1297.4,0
2024-03-23 00:00,Plant-A,Rolling-Mill,7.864,1538.3,6.99,0.675,1436.6,0
2024-03-23 04:00,Plant-D,Coke-Oven,3.055,315.0,17.56,0.407,3066.9,0
2024-03-23 08:00,Plant-B,Rolling-Mill,8.662,1549.4,13.85,0.891,2145.8,0
2024-03-23 12:00,Plant-B,Rolling-Mill,9.271,611.0,5.23,0.43,1376.1,0
2024-03-23 16:00,Plant-C,Sinter-Plant,7.618,1602.6,4.22,0.642,1287.9,1
2024-03-23 20:00,Plant-C,Blast-Furnace-1,2.255,1372.1,10.16,0.549,2941.7,0
2024-03-24 00:00,Plant-B,Sinter-Plant,3.67,722.9,14.44,0.498,1250.0,0
2024-03-24 04:00,Plant-B,Sinter-Plant,6.236,830.0,14.08,0.458,2996.2,0
2024-03-24 08:00,Plant-B,BOF-Converter,1.633,311.9,3.68,0.15,1791.1,0
2024-03-24 12:00,Plant-B,Blast-Furnace-1,5.087,834.2,9.68,0.487,2548.6,0
2024-03-24 16:00,Plant-B,Blast-Furnace-2,1.706,911.7,6.56,0.336,1166.4,0
2024-03-24 20:00,Plant-A,Coke-Oven,7.517,560.3,11.4,0.511,3061.6,0
2024-03-25 00:00,Plant-C,Blast-Furnace-2,7.023,1345.5,4.94,0.564,2112.3,0
2024-03-25 04:00,Plant-C,Sinter-Plant,1.353,1303.8,16.42,0.619,1354.7,0
2024-03-25 08:00,Plant-B,BOF-Converter,9.168,1587.2,11.58,0.825,1658.1,0
2024-03-25 12:00,Plant-C,Rolling-Mill,4.539,378.9,16.45,0.48,2677.9,0
2024-03-25 16:00,Plant-B,Blast-Furnace-1,0.951,701.6,11.81,0.387,2725.7,0
2024-03-25 20:00,Plant-A,Coke-Oven,2.355,388.1,1.86,0.095,1450.1,0
2024-03-26 00:00,Plant-C,BOF-Converter,9.793,1238.9,9.94,0.763,2426.8,0
2024-03-26 04:00,Plant-C,Rolling-Mill,6.999,982.6,7.35,0.595,2933.9,0
2024-03-26 08:00,Plant-C,Blast-Furnace-1,7.506,1013.9,10.64,0.637,2007.0,0
2024-03-26 12:00,Plant-C,Blast-Furnace-1,2.143,1208.2,1.44,0.396,2007.1,0
2024-03-26 16:00,Plant-C,Coke-Oven,1.135,688.9,3.67,0.175,2174.9,1
2024-03-26 20:00,Plant-C,Sinter-Plant,8.25,1558.7,2.96,0.668,2987.8,0
2024-03-27 00:00,Plant-A,BOF-Converter,0.876,1518.9,3.89,0.415,2030.7,0
2024-03-27 04:00,Plant-A,Blast-Furnace-1,2.447,957.1,9.08,0.391,2639.7,0
2024-03-27 08:00,Plant-A,Coke-Oven,2.621,481.8,8.26,0.237,3140.7,0
2024-03-27 12:00,Plant-C,Rolling-Mill,7.494,1252.7,17.44,0.845,2173.9,0
2024-03-27 16:00,Plant-C,Coke-Oven,4.063,1417.9,7.87,0.592,2889.8,1
2024-03-27 20:00,Plant-A,Sinter-Plant,6.307,1404.2,15.08,0.712,915.0,0
2024-03-28 00:00,Plant-A,Rolling-Mill,9.454,803.1,12.66,0.601,2725.3,0
2024-03-28 04:00,Plant-B,Coke-Oven,4.005,1476.1,2.96,0.547,3032.2,0
2024-03-28 08:00,Plant-C,Coke-Oven,0.939,1099.3,18.34,0.607,2802.7,0
2024-03-28 12:00,Plant-D,Blast-Furnace-2,9.673,1388.0,12.83,0.746,2052.5,0
2024-03-28 16:00,Plant-A,Rolling-Mill,4.477,1545.5,5.69,0.556,2649.9,1
2024-03-28 20:00,Plant-B,Rolling-Mill,2.553,861.6,15.9,0.476,838.0,1
2024-03-29 00:00,Plant-A,Rolling-Mill,5.475,309.0,3.54,0.293,1371.0,0
2024-03-29 04:00,Plant-B,Coke-Oven,5.424,919.5,14.48,0.612,1223.6,0
2024-03-29 08:00,Plant-C,Blast-Furnace-1,4.393,1295.8,8.91,0.518,974.4,0
2024-03-29 12:00,Plant-B,Blast-Furnace-1,5.562,778.6,3.77,0.408,1594.9,0
2024-03-29 16:00,Plant-D,Coke-Oven,5.89,1436.2,5.61,0.635,1394.1,0
2024-03-29 20:00,Plant-A,BOF-Converter,5.335,1155.2,16.06,0.554,858.4,0
2024-03-30 00:00,Plant-C,Coke-Oven,5.737,315.9,16.02,0.4,1875.5,0
2024-03-30 04:00,Plant-C,Rolling-Mill,9.485,797.8,3.45,0.47,2231.2,0
2024-03-30 08:00,Plant-A,Coke-Oven,7.212,663.2,14.71,0.655,2276.3,0
2024-03-30 12:00,Plant-A,Blast-Furnace-2,9.159,1295.7,14.56,0.812,2251.6,0
2024-03-30 16:00,Plant-C,Coke-Oven,3.19,1106.5,1.35,0.391,1657.9,0
2024-03-30 20:00,Plant-D,Sinter-Plant,8.012,1334.7,5.32,0.592,2181.1,0
2024-03-31 00:00,Plant-C,BOF-Converter,7.429,1534.4,17.33,0.833,1370.9,0
2024-03-31 04:00,Plant-C,Rolling-Mill,4.437,1355.7,12.1,0.688,1494.6,0
2024-03-31 08:00,Plant-B,Rolling-Mill,0.83,588.9,1.42,0.133,1129.3,0
2024-03-31 12:00,Plant-A,Blast-Furnace-1,7.678,534.6,10.44,0.435,2349.8,0
2024-03-31 16:00,Plant-A,Sinter-Plant,8.968,825.3,2.13,0.434,2002.8,0
2024-03-31 20:00,Plant-D,Blast-Furnace-1,4.011,1356.2,4.63,0.312,1706.6,0
2024-04-01 00:00,Plant-D,Blast-Furnace-2,5.876,504.4,8.25,0.312,1658.0,0
2024-04-01 04:00,Plant-B,BOF-Converter,5.711,662.5,7.27,0.503,3018.2,0
2024-04-01 08:00,Plant-C,Blast-Furnace-2,2.065,899.6,8.73,0.385,3061.8,1
2024-04-01 12:00,Plant-A,Sinter-Plant,6.94,928.5,16.6,0.612,1047.6,0
2024-04-01 16:00,Plant-A,BOF-Converter,1.993,1635.3,12.41,0.72,1382.4,0
2024-04-01 20:00,Plant-A,Blast-Furnace-2,6.333,505.9,6.83,0.379,1719.3,0
2024-04-02 00:00,Plant-C,Rolling-Mill,2.015,652.8,2.71,0.132,2024.2,0
2024-04-02 04:00,Plant-D,Coke-Oven,9.213,1221.0,2.46,0.614,1648.6,0
2024-04-02 08:00,Plant-B,Blast-Furnace-2,6.87,826.0,15.14,0.523,1558.2,0
2024-04-02 12:00,Plant-A,Blast-Furnace-2,8.661,611.5,11.43,0.547,3194.9,0
2024-04-02 16:00,Plant-C,Coke-Oven,6.904,302.0,2.44,0.293,1789.2,0
2024-04-02 20:00,Plant-B,Blast-Furnace-2,7.822,645.3,14.11,0.561,1283.2,1
2024-04-03 00:00,Plant-A,Coke-Oven,1.424,397.2,6.31,0.166,1120.1,0
2024-04-03 04:00,Plant-D,Blast-Furnace-2,6.562,1640.1,9.04,0.743,1942.2,0
2024-04-03 08:00,Plant-C,Coke-Oven,6.17,1465.4,5.7,0.624,889.5,1
2024-04-03 12:00,Plant-C,Blast-Furnace-2,4.814,508.6,16.33,0.472,957.8,0
2024-04-03 16:00,Plant-C,Sinter-Plant,3.763,617.3,8.26,0.399,1240.3,0
2024-04-03 20:00,Plant-D,Coke-Oven,3.264,962.1,14.59,0.54,2880.9,0
2024-04-04 00:00,Plant-A,BOF-Converter,4.355,1647.9,15.67,0.783,930.6,0
2024-04-04 04:00,Plant-C,Coke-Oven,7.148,409.2,8.79,0.437,1589.8,0
2024-04-04 08:00,Plant-C,Rolling-Mill,9.736,1500.0,6.96,0.795,2914.4,0
2024-04-04 12:00,Plant-D,Blast-Furnace-1,4.121,469.6,7.51,0.224,1104.0,0
2024-04-04 16:00,Plant-C,BOF-Converter,8.225,916.9,16.31,0.65,1163.4,0
2024-04-04 20:00,Plant-C,Coke-Oven,6.222,1631.0,8.35,0.74,2031.4,1
2024-04-05 00:00,Plant-A,Rolling-Mill,9.154,744.6,12.34,0.586,2235.0,0
2024-04-05 04:00,Plant-C,Blast-Furnace-1,8.218,1204.0,17.69,0.817,2814.3,0
2024-04-05 08:00,Plant-B,BOF-Converter,8.001,730.0,16.68,0.613,1613.3,0
2024-04-05 12:00,Plant-A,Coke-Oven,1.863,665.3,2.9,0.233,2746.6,0
2024-04-05 16:00,Plant-B,Sinter-Plant,1.761,1119.9,6.9,0.454,1633.5,0
2024-04-05 20:00,Plant-B,Sinter-Plant,8.189,646.0,6.39,0.412,2997.9,0
2024-04-06 00:00,Plant-C,Rolling-Mill,1.48,1584.8,9.26,0.607,1609.6,0
2024-04-06 04:00,Plant-B,Blast-Furnace-2,6.68,356.9,16.13,0.487,2944.8,0
2024-04-06 08:00,Plant-B,Rolling-Mill,8.259,345.0,11.34,0.469,1759.8,0
2024-04-06 12:00,Plant-A,Rolling-Mill,5.176,682.3,11.31,0.541,903.8,0
2024-04-06 16:00,Plant-D,BOF-Converter,2.225,898.9,18.41,0.503,1345.2,0
2024-04-06 20:00,Plant-D,Blast-Furnace-1,4.487,1166.2,18.13,0.717,2521.7,1
2024-04-07 00:00,Plant-C,Sinter-Plant,8.974,1063.9,8.14,0.607,2284.0,0
2024-04-07 04:00,Plant-A,Blast-Furnace-2,2.713,533.1,5.24,0.289,1104.4,0
2024-04-07 08:00,Plant-B,Coke-Oven,3.531,1523.6,13.24,0.666,3112.2,0
2024-04-07 12:00,Plant-C,BOF-Converter,7.585,1637.7,12.1,0.76,2062.6,0
2024-04-07 16:00,Plant-C,Coke-Oven,1.392,1572.7,1.77,0.515,2073.2,0
2024-04-07 20:00,Plant-B,Blast-Furnace-2,4.432,868.7,9.94,0.577,965.7,0
2024-04-08 00:00,Plant-B,Blast-Furnace-2,5.407,778.8,11.4,0.429,2585.1,0
2024-04-08 04:00,Plant-A,Coke-Oven,1.64,557.7,17.14,0.415,3001.3,0
2024-04-08 08:00,Plant-C,Sinter-Plant,1.383,502.6,1.8,0.144,3044.9,0
2024-04-08 12:00,Plant-A,Blast-Furnace-2,2.605,980.6,17.33,0.599,1322.7,0
2024-04-08 16:00,Plant-A,Rolling-Mill,4.358,1569.5,17.6,0.742,2557.7,0
2024-04-08 20:00,Plant-B,Sinter-Plant,4.53,880.5,14.19,0.508,1026.7,0
2024-04-09 00:00,Plant-C,Rolling-Mill,1.978,559.1,3.13,0.2,1506.7,0
2024-04-09 04:00,Plant-C,Blast-Furnace-2,3.031,295.0,15.8,0.308,2482.1,0
2024-04-09 08:00,Plant-D,Coke-Oven,1.598,598.9,9.17,0.329,1675.0,0
2024-04-09 12:00,Plant-B,Blast-Furnace-2,4.301,657.1,11.02,0.474,1128.7,0
2024-04-09 16:00,Plant-D,Rolling-Mill,0.68,1386.5,17.16,0.618,3171.2,0
2024-04-09 20:00,Plant-B,Blast-Furnace-1,6.338,1082.2,12.68,0.625,2991.7,0
